retyr,popID,Stock,fc,age4fc,age5fc,age4,age5,tot,age4diff,age4perc,age5diff,age5perc,totdiff,totperc,cyc
2009,1,Early Stuart,255000,252450,2550,76119.3025574034,5077.1977034196,81196.500260823,-176330.6974425966,-0.698477708229735,2527.1977034195997,0.991057922909647,-173803.499739177,-0.6815823519183412,1
2010,1,Early Stuart,41000,34999.99999999999,6000.000000000007,96107.1782639958,7851.54864404182,103958.726908038,61107.178263995804,1.745919378971309,1851.5486440418126,0.3085914406736351,62958.72690803801,1.5355787050740977,2
2011,1,Early Stuart,47000,22090,24910,12528.3073475346,12590.1325201244,25118.439867659,-9561.6926524654,-0.43285163659870535,-12319.8674798756,-0.49457516980632676,-21881.560132341,-0.4655651091987447,3
2012,1,Early Stuart,99000,97020,1980,183795.605387885,146.713879429173,183942.319267314,86775.605387885,0.8944094556574418,-1833.286120570827,-0.9259020810963773,84942.31926731399,0.8580032249223635,0
2013,1,Early Stuart,211000,194120,16880,172827.02170596,9161.3220663547,181988.343772315,-21292.97829403999,-0.1096897707296517,-7718.6779336453,-0.4572676500974704,-29011.656227684987,-0.13749600107907578,1
2014,1,Early Stuart,299000,263120,35880,109757.824274812,18102.6124995148,127860.436774326,-153362.175725188,-0.5828601996244602,-17777.3875004852,-0.4954678790547715,-171139.563225674,-0.5723731211561004,2
2015,1,Early Stuart,30000,1500,28500,2258.26304774378,26470.228427303,28728.4914750468,758.2630477437801,0.5055086984958534,-2029.7715726969982,-0.07122005518235082,-1271.5085249531985,-0.04238361749843995,3
2016,1,Early Stuart,36000,36000,0,17601.1790757114,235.070343321105,17836.2494190325,-18398.8209242886,-0.5110783590080167,235.070343321105,Inf,-18163.7505809675,-0.5045486272490972,0
2017,1,Early Stuart,99000,95040,3960,20167.762697408,2129.39470307664,22297.1574004846,-74872.237302592,-0.7877971096653198,-1830.6052969233601,-0.4622740648796364,-76702.8425995154,-0.7747761878738929,1
2018,1,Early Stuart,84000,66360,17640,89230.7821668785,5449.90358969178,94680.6857565703,22870.782166878504,0.34464710920552294,-12190.096410308219,-0.6910485493372006,10680.685756570296,0.12715102091155114,2
2019,1,Early Stuart,41000,26240,14760,3416.74155811528,22500.0196923614,25916.7612504767,-22823.25844188472,-0.8697888125718262,7740.0196923613985,0.5243915780732655,-15083.238749523302,-0.3678838719395927,3
2020,1,Early Stuart,13000,12610,390,14571.4285714286,1428.57142857143,16000,1961.4285714285998,0.1555454854423949,1038.57142857143,2.663003663003667,3000,0.23076923076923078,0
2009,2,Late Stuart,553000,447930,105070,104603.649767006,19016.7479409075,123620.397707913,-343326.350232994,-0.766473221782408,-86053.2520590925,-0.8190087756647235,-429379.602292087,-0.7764549770200488,1
2010,2,Late Stuart,60000,49000,11000,168307.727065911,14891.8977473618,183199.624813272,119307.72706591099,2.434851572773694,3891.8977473617997,0.35380888612379996,123199.624813272,2.0533270802212003,2
2011,2,Late Stuart,82000,59860,22140,5172.70347075287,5287.7529504789,10460.4564212318,-54687.29652924713,-0.9135866443242086,-16852.247049521102,-0.7611674367444039,-71539.5435787682,-0.8724334582776611,3
2012,2,Late Stuart,338000,321100,16900,183527.177367285,8547.089342172,192074.266709457,-137572.822632715,-0.42844230031988473,-8352.910657828,-0.4942550685105326,-145925.733290543,-0.43173293872941715,0
2013,2,Late Stuart,333000,273060,59940,218405.48317635,6718.79450795999,225124.27768431,-54654.51682364999,-0.2001557050598769,-53221.20549204001,-0.8879079995335337,-107875.72231569001,-0.32395111806513516,1
2014,2,Late Stuart,329000,269780,59220,284997.012798986,28779.6805947904,313776.693393776,15217.01279898599,0.05640526650969675,-30440.3194052096,-0.5140209288282608,-15223.306606223981,-0.04627144865113672,2
2015,2,Late Stuart,54000,25920,28080,3687.78769658197,34954.1860609397,38641.9737575217,-22232.21230341803,-0.8577242401010042,6874.186060939697,0.24480719590241087,-15358.0262424783,-0.2844078933792278,3
2016,2,Late Stuart,15000,1050,13950,31715.3009160214,249.160219936823,31964.4611359583,30665.3009160214,29.205048491448952,-13700.839780063177,-0.9821390523342779,16964.4611359583,1.1309640757305532,0
2017,2,Late Stuart,192000,182400,9600,216144.189029465,1953.54140976285,218097.730439228,33744.18902946499,0.18500103634575105,-7646.45859023715,-0.7965061031497032,26097.730439228006,0.13592567937097919,1
2018,2,Late Stuart,149000,135590,13410,306928.859721978,21637.9601663588,328566.819888336,171338.85972197802,1.263654102234516,8227.9601663588,0.6135689907799254,179566.819888336,1.2051464422035973,2
2019,2,Late Stuart,39000,30030,8970,8664.50103447093,15903.0317782282,24567.5328126992,-21365.49896552907,-0.7114718270239451,6933.0317782282,0.7729132417199777,-14432.467187300801,-0.37006326121284105,3
2020,2,Late Stuart,35000,34300,700,29391.5662650602,4608.43373493976,34000,-4908.433734939801,-0.14310302434226826,3908.43373493976,5.583476764199657,-1000,-0.02857142857142857,0
2009,3,Stellako,374000,269280,104720,6640.01546374649,32646.7426967536,39286.7581605001,-262639.9845362535,-0.9753415943859681,-72073.2573032464,-0.6882473004511688,-334713.2418394999,-0.8949551920842244,1
2010,3,Stellako,156000,154000,2000,389228.983975898,4858.61422438707,394087.598200285,235228.983975898,1.5274609349084287,2858.61422438707,1.429307112193535,238087.598200285,1.5262025525659295,2
2011,3,Stellako,350000,157500,192500,113525.252922517,81630.0628157146,195155.315738232,-43974.747077483,-0.2792047433490984,-110869.9371842854,-0.5759477256326514,-154844.684261768,-0.44241338360505145,3
2012,3,Stellako,453000,403170,49830,259916.69347756,24716.0045944919,284632.698072052,-143253.30652244,-0.3553173761005035,-25113.9954055081,-0.5039934859624343,-168367.30192794802,-0.37167174818531573,0
2013,3,Stellako,192000,90240,101760,152682.189891972,14563.5319589265,167245.721850898,62442.189891972,0.6919568915333776,-87196.4680410735,-0.8568835302778449,-24754.278149102,-0.12892853202657292,1
2014,3,Stellako,690000,648600,41400,1500993.88974338,49483.3150464851,1550477.20478987,852393.88974338,1.3142058121236202,8083.315046485099,0.19524915571220045,860477.20478987,1.247068412738942,2
2015,3,Stellako,390000,187200,202800,42804.0430744099,128893.073527437,171697.116601846,-144395.95692559012,-0.7713459237478104,-73906.926472563,-0.3644325762946894,-218302.883398154,-0.5597509830721897,3
2016,3,Stellako,256000,235520,20480,42514.9917214748,12081.5983668939,54596.5900883688,-193005.0082785252,-0.8194845799869447,-8398.4016331061,-0.41007820474150875,-201403.4099116312,-0.7867320699673094,0
2017,3,Stellako,355000,209450,145550,109354.034650064,6855.02903776524,116209.06368783,-100095.965349936,-0.47789909453299595,-138694.97096223477,-0.9529025830452407,-238790.93631217,-0.6726505248230141,1
2018,3,Stellako,559000,475150,83850,361248.342149912,37908.7766453612,399157.118795273,-113901.65785008803,-0.2397172637063833,-45941.2233546388,-0.547897714426223,-159842.881204727,-0.28594433131435953,2
2019,3,Stellako,368000,195040,172960,53124.2945690027,31468.154645163,84592.4492141657,-141915.7054309973,-0.7276235922426031,-141491.84535483702,-0.818061085539067,-283407.5507858343,-0.7701292140919411,3
2020,3,Stellako,93000,92070,930,15391.3043478261,4608.69565217391,20000,-76678.6956521739,-0.8328304078654709,3678.6956521739103,3.9555867227676456,-73000,-0.7849462365591398,0
2009,4,Bowron,10000,8900,1100,1876.29236500021,3082.48031392892,4958.77267892913,-7023.70763499979,-0.7891806331460438,1982.4803139289202,1.8022548308444728,-5041.22732107087,-0.504122732107087,1
2010,4,Bowron,1300,1100,200,14799.571964573,382.747550807921,15182.3195153809,13699.571964573,12.454156331430001,182.74755080792102,0.9137377540396051,13882.3195153809,10.678707319523769,2
2011,4,Bowron,12000,9960,2040,8344.50907666321,2635.10812947259,10979.6172061358,-1615.4909233367907,-0.1621978838691557,595.10812947259,0.29171967131009313,-1020.3827938642007,-0.0850318994886834,3
2012,4,Bowron,2000,1000,1000,234.370175276297,19.5308479396914,253.901023215988,-765.629824723703,-0.765629824723703,-980.4691520603086,-0.9804691520603086,-1746.098976784012,-0.873049488392006,0
2013,4,Bowron,7000,6020,980,4971.06095538416,548.278781843841,5519.339737228,-1048.9390446158404,-0.17424236621525588,-431.721218156159,-0.4405318552613868,-1480.6602627720004,-0.21152289468171434,1
2014,4,Bowron,30000,27900,2100,21678.0068673488,1140.94772986046,22818.9545972093,-6221.993132651201,-0.22301050654663804,-959.05227013954,-0.45669155720930477,-7181.0454027907,-0.23936818009302332,2
2015,4,Bowron,21000,13650,7350,5187.21094376414,3038.22355277614,8225.43449654028,-8462.789056235859,-0.6199845462443853,-4311.77644722386,-0.5866362513229741,-12774.56550345972,-0.6083126430218915,3
2016,4,Bowron,4000,200,3800,186.462741199643,93.2313705998213,279.694111799464,-13.537258800356994,-0.06768629400178497,-3706.7686294001787,-0.9754654287895207,-3720.305888200536,-0.930076472050134,0
2017,4,Bowron,7000,7000,0,367.068582603639,0,367.068582603639,-6632.931417396361,-0.947561631056623,0,NA,-6632.931417396361,-0.947561631056623,1
2018,4,Bowron,20000,17000,3000,19393.8238530412,167.188136664149,19561.0119897054,2393.823853041202,0.14081316782595305,-2832.811863335851,-0.9442706211119503,-438.9880102946008,-0.02194940051473004,2
2019,4,Bowron,15000,9150,5850,17.5971970083781,53.6049902104144,71.2021872187925,-9132.402802991623,-0.9980768090701226,-5796.395009789586,-0.9908367538101857,-14928.797812781208,-0.9952531875187471,3
2020,4,Bowron,2000,360,1640,1719.35483870968,66.1290322580645,1785.48387096774,1359.35483870968,3.7759856630824444,-1573.8709677419356,-0.9596774193548387,-214.5161290322601,-0.10725806451613004,0
2009,5,Raft,78000,66300,11700,6441.34103648752,8848.71091881113,15290.0519552986,-59858.658963512484,-0.9028455348946076,-2851.28908118887,-0.2436999214691342,-62709.9480447014,-0.8039736928807871,1
2010,5,Raft,24000,21000,3000,7182.52028597075,2454.02776437334,9636.54805034409,-13817.47971402925,-0.6579752244775834,-545.9722356266602,-0.18199074520888675,-14363.45194965591,-0.5984771645689962,2
2011,5,Raft,44000,29040,14960,6253.47638761097,9646.31995961267,15899.7963472236,-22786.523612389028,-0.7846599040078867,-5313.680040387329,-0.35519251606867175,-28100.2036527764,-0.6386409921085545,3
2012,5,Raft,55000,19250,35750,14907.8830440947,4462.22349619162,19370.1065402863,-4342.1169559053,-0.22556451718988568,-31287.77650380838,-0.8751825595470876,-35629.8934597137,-0.6478162447220672,0
2013,5,Raft,51000,36210,14790,20119.7222876232,3667.65770868132,23787.3799963046,-16090.2777123768,-0.4443600583368351,-11122.34229131868,-0.7520177343690791,-27212.6200036954,-0.5335807843861843,1
2014,5,Raft,39000,17160,21840,37692.0634093908,14988.6567943776,52680.7202037685,20532.0634093908,1.1965071916894405,-6851.343205622399,-0.3137061907336263,13680.720203768498,0.3507876975325256,2
2015,5,Raft,36000,25920,10080,17922.0737835192,5842.00195153389,23764.0757350531,-7997.926216480799,-0.30856196822842585,-4237.99804846611,-0.4204363143319554,-12235.924264946902,-0.33988678513741394,3
2016,5,Raft,26000,10920,15080,16750.9073765526,5338.2012518684,22089.108628421,5830.907376552601,0.5339658769736814,-9741.798748131601,-0.6460078745445359,-3910.8913715790004,-0.15041889890688462,0
2017,5,Raft,33000,29040,3960,2784.84196203279,4282.06882334074,7066.91078537352,-26255.15803796721,-0.9041032382220113,322.06882334074,0.08133051094463131,-25933.08921462648,-0.7858511883220146,1
2018,5,Raft,48000,28800,19200,11136.4724957163,2538.88492130321,13675.3574170195,-17663.527504283702,-0.613316927232073,-16661.115078696792,-0.8677664103487912,-34324.6425829805,-0.7150967204787605,2
2019,5,Raft,52000,30680,21320,737.600948326838,933.986203099999,1671.58715142684,-29942.39905167316,-0.9759582480988644,-20386.013796900002,-0.9561920167401502,-50328.41284857316,-0.9678540932417916,3
2020,5,Raft,18000,17280,720,2292.13483146067,539.325842696629,2831.4606741573,-14987.86516853933,-0.8673533083645446,-180.67415730337098,-0.25093632958801526,-15168.5393258427,-0.8426966292134833,0
2009,6,Quesnel,3575000,3575000,0,198054.929623166,5986.00554171748,204040.935164884,-3376945.070376834,-0.9446000196858276,5986.00554171748,Inf,-3370959.064835116,-0.9429256125412911,1
2010,6,Quesnel,438000,416000,22000,598191.998828775,8017.48383970132,606209.482668476,182191.99882877502,0.4379615356460938,-13982.516160298681,-0.6355689163772128,168209.48266847595,0.3840399147682099,2
2011,6,Quesnel,299000,257140,41860,72938.0784084345,47840.6756470998,120778.754055534,-184201.92159156548,-0.7163487656201504,5980.675647099801,0.14287328349497852,-178221.245944466,-0.5960576787440335,3
2012,6,Quesnel,67000,16080,50920,727.310958394695,647.821339439684,1375.13229783438,-15352.689041605305,-0.954769219005305,-50272.17866056032,-0.9872776641901084,-65624.86770216562,-0.9794756373457555,0
2013,6,Quesnel,1218000,1218000,0,296451.187255077,6535.59675102592,302986.784006103,-921548.8127449229,-0.7566082206444359,6535.59675102592,Inf,-915013.21599389706,-0.751242377663298,1
2014,6,Quesnel,1524000,1386840,137160,2497652.0758886,21899.7702862367,2519551.84617483,1110812.0758886002,0.8009662800961901,-115260.2297137633,-0.840334133229537,995551.8461748301,0.6532492428968701,2
2015,6,Quesnel,367000,161480,205520,35995.143097115,30937.1770466065,66932.3201437214,-125484.856902885,-0.7770922523091714,-174582.8229533935,-0.8494687765346123,-300067.6798562786,-0.8176231058754185,3
2016,6,Quesnel,192000,188160,3840,358.208200874523,3921.58074972642,4279.78895060094,-187801.79179912547,-0.9980962574358284,81.58074972641998,0.02124498690792187,-187720.21104939905,-0.9777094325489534,0
2017,6,Quesnel,375000,375000,0,141418.248156452,2284.55035086979,143702.798507322,-233581.751843548,-0.6228846715827947,2284.55035086979,Inf,-231297.201492678,-0.616792537313808,1
2018,6,Quesnel,1148000,1056160,91840,2133830.55718768,5322.29029677438,2139152.84748446,1077670.5571876802,1.0203667599489472,-86517.70970322561,-0.9420482328312894,991152.8474844601,0.8633735605265331,2
2019,6,Quesnel,333000,206460,126540,5163.63778462594,40004.6131580332,45168.2509426592,-201296.36221537407,-0.9749896455263687,-86535.3868419668,-0.683857964611718,-287831.7490573408,-0.8643596067788012,3
2020,6,Quesnel,2000,1180,820,545.454545454545,454.545454545455,1000,-634.545454545455,-0.5377503852080127,-365.454545454545,-0.4456762749445671,-1000,-0.5,0
2009,7,Chilko,4175000,4133250,41750,262014.068463146,33231.0525855698,295245.121048716,-3871235.9315368542,-0.9366082215053176,-8518.9474144302,-0.20404664465701078,-3879754.878951284,-0.9292826057368345,1
2010,7,Chilko,1958000,1945000,13000,4429045.16896063,37747.5440536417,4466792.71301427,2484045.16896063,1.2771440457381131,24747.5440536417,1.9036572348955154,2508792.71301427,1.2813037349408938,2
2011,7,Chilko,1733000,1369070,363930,1056163.64112461,339298.947511047,1395462.58863566,-312906.3588753899,-0.2285539518617674,-24631.05248895299,-0.06768074214533837,-337537.41136434,-0.19477057782131563,3
2012,7,Chilko,562000,438360,123640,477074.424640494,16285.673130298,493360.097770792,38714.42464049399,0.08831650844167806,-107354.326869702,-0.868281517872064,-68639.90222920798,-0.12213505734734516,0
2013,7,Chilko,1829000,1700970,128030,1643617.13338596,45259.0225135265,1688876.15589949,-57352.86661403999,-0.03371774141462812,-82770.97748647351,-0.6464967389398852,-140123.84410051,-0.0766122712413942,1
2014,7,Chilko,2615000,2405800,209200,2666978.35750583,187156.375965322,2854134.73347115,261178.35750583,0.10856195756331782,-22043.62403467801,-0.10537105179100388,239134.73347115004,0.09144731681497134,2
2015,7,Chilko,2387000,2124430,262570,786305.255907853,78928.3684907503,865233.624398603,-1338124.7440921469,-0.6298747165555687,-183641.63150924968,-0.6994006608114015,-1521766.375601397,-0.6375225704237105,3
2016,7,Chilko,1002000,971940,30060,197620.565775117,85376.8607427242,282997.426517841,-774319.434224883,-0.7966741097443083,55316.860742724195,1.8402149282343379,-719002.5734821591,-0.7175674386049492,0
2017,7,Chilko,2142000,2120580,21420,435384.071029694,25175.2694132816,460559.340442975,-1685195.928970306,-0.794686325896833,3755.2694132815996,0.17531603236608775,-1681440.659557025,-0.784986302314204,1
2018,7,Chilko,2259000,2236410,22590,1560772.89797387,40614.9081257141,1601387.80609958,-675637.1020261301,-0.3021078881001829,18024.9081257141,0.7979153663441391,-657612.1939004201,-0.29110765555574153,2
2019,7,Chilko,2750000,2420000,330000,164947.253038256,84803.3234099316,249750.576448187,-2255052.746961744,-0.9318399780833653,-245196.67659006838,-0.7430202320911163,-2500249.423551813,-0.9091816085642955,3
2020,7,Chilko,256000,243200,12800,27172.9957805907,38333.3333333333,65506.3291139241,-216027.0042194093,-0.8882689318232291,25533.3333333333,1.994791666666664,-190493.6708860759,-0.744115901898734,0
2009,8,Seymour,18000,16920,1080,7820.36749001426,246.588164099549,8066.95565411381,-9099.63250998574,-0.5378033398336726,-833.411835900451,-0.771677625833751,-9933.04434588619,-0.5518357969936772,1
2010,8,Seymour,195000,195000,0,1063630.76058182,0,1063630.76058182,868630.76058182,4.454516720932411,0,NA,868630.76058182,4.454516720932411,2
2011,8,Seymour,66000,46200,19800,18055.9485170652,22105.8808947247,40161.8294117898,-28144.0514829348,-0.6091786035267273,2305.8808947247016,0.11645863104670211,-25838.170588210203,-0.3914874331547,3
2012,8,Seymour,8000,2000,6000,2173.00540701268,217.300540701268,2390.30594771395,173.00540701267983,0.08650270350633991,-5782.699459298732,-0.9637832432164554,-5609.69405228605,-0.7012117565357562,0
2013,8,Seymour,21000,19950,1050,43537.8511589984,182.166741251039,43720.0179002495,23587.851158998397,1.182348429022476,-867.833258748961,-0.8265078654752009,22720.0179002495,1.0819056142975951,1
2014,8,Seymour,1254000,1254000,0,268598.256411012,3428.91391162994,272027.170322642,-985401.743588988,-0.7858068130693684,3428.91391162994,Inf,-981972.829677358,-0.7830724319596156,2
2015,8,Seymour,140000,96600,43400,16740.752252036,4282.5180179627,21023.2702699987,-79859.247747964,-0.8267002872460041,-39117.4819820373,-0.9013244696321959,-118976.7297300013,-0.8498337837857236,3
2016,8,Seymour,400,400,0,675.613262911591,225.20442097053,900.817683882122,275.61326291159105,0.6890331572789776,225.20442097053,Inf,500.81768388212197,1.2520442097053048,0
2017,8,Seymour,20000,20000,0,4527.61748779884,143.279034424014,4670.89652222285,-15472.38251220116,-0.773619125610058,143.279034424014,Inf,-15329.10347777715,-0.7664551738888574,1
2018,8,Seymour,556000,544880,11120,329110.461120822,2824.98249889118,331935.443619714,-215769.538879178,-0.3959946022595397,-8295.01750110882,-0.7459548112507931,-224064.556380286,-0.4029938064393633,2
2019,8,Seymour,29000,24650,4350,857.876698724472,1806.05620784099,2663.93290656547,-23792.12330127553,-0.9651976998489058,-2543.9437921590097,-0.5848146648641401,-26336.06709343453,-0.9081402446011907,3
2020,8,Seymour,3000,1350,1650,978.947368421053,54.3859649122807,1033.33333333333,-371.05263157894694,-0.27485380116959035,-1595.6140350877192,-0.9670388091440723,-1966.66666666667,-0.6555555555555567,0
2009,9,Late Shuswap,70000,70000,0,32714.1112970529,1934.88145324666,34648.9927502996,-37285.8887029471,-0.5326555528992443,1934.88145324666,Inf,-35351.0072497004,-0.5050143892814343,1
2010,9,Late Shuswap,7252000,7251000,1000,17333011.884117,0,17333011.884117,10082011.884117,1.3904305453202317,-1000,-1,10081011.884117,1.3901009216929123,2
2011,9,Late Shuswap,251000,143070,107930,214295.51456519,163973.002082654,378268.516647844,71225.51456519001,0.4978368250869505,56043.00208265401,0.5192532389757621,127268.516647844,0.5070458830591394,3
2012,9,Late Shuswap,8000,80,7920,0,94.0551580768249,94.0551580768249,-80,-1,-7825.944841923175,-0.9881243487276736,-7905.944841923175,-0.9882431052403968,0
2013,9,Late Shuswap,111000,111000,0,384007.750740642,9300.47256429046,393308.223304932,273007.750740642,2.4595292859517297,9300.47256429046,Inf,282308.223304932,2.5433173270714593,1
2014,9,Late Shuswap,11730000,11730000,0,8155533.61160973,0,8155533.61160973,-3574466.38839027,-0.3047285923606368,0,NA,-3574466.38839027,-0.3047285923606368,2
2015,9,Late Shuswap,517000,351560,165440,19138.8755370612,10631.341307267,29770.2168443282,-332421.1244629388,-0.9455601446778326,-154808.658692733,-0.9357389911311231,-487229.7831556718,-0.9424173755428855,3
2016,9,Late Shuswap,4000,0,4000,0,805.095700464355,805.095700464355,0,NA,-3194.904299535645,-0.7987260748839112,-3194.904299535645,-0.7987260748839112,0
2017,9,Late Shuswap,174000,174000,0,27943.2345327205,0,27943.2345327205,-146056.7654672795,-0.8394066980878132,0,NA,-146056.7654672795,-0.8394066980878132,1
2018,9,Late Shuswap,6923000,6923000,0,4289887.36610831,0,4289887.36610831,-2633112.6338916896,-0.3803427175923284,0,NA,-2633112.6338916896,-0.3803427175923284,2
2019,9,Late Shuswap,61000,19520,41480,1626.19767758948,12114.5142926808,13740.7119702702,-17893.80232241052,-0.9166906927464405,-29365.4857073192,-0.7079432427029702,-47259.288029729796,-0.7747424267168819,3
2020,9,Late Shuswap,600,108,492,38.4615384615385,38.4615384615385,76.9230769230769,-69.53846153846149,-0.6438746438746434,-453.5384615384615,-0.9218261413383364,-523.0769230769231,-0.8717948717948718,0
2009,10,Birkenhead,297000,198990,98010,33022.688243362,29866.1077495113,62888.7959928733,-165967.311756638,-0.8340485037270113,-68143.8922504887,-0.6952748928730609,-234111.20400712668,-0.7882532121452077,1
2010,10,Birkenhead,109000,100000,9000,257819.11003118,51290.273878882,309109.383910062,157819.11003118,1.5781911003117999,42290.273878882,4.6989193198757775,200109.38391006202,1.8358659074317616,2
2011,10,Birkenhead,456000,200640,255360,188807.456336453,178239.874825085,367047.331161538,-11832.543663546996,-0.05897400151289372,-77120.12517491501,-0.30200550272131504,-88952.66883846198,-0.1950716421896096,3
2012,10,Birkenhead,85000,17850,67150,46572.6781785829,54481.2461711725,101053.924349755,28722.6781785829,1.6091136234500225,-12668.753828827503,-0.18866349707859276,16053.924349755005,0.18886969823241181,0
2013,10,Birkenhead,282000,222780,59220,68047.8198976818,23300.4208209961,91348.2407186779,-154732.1801023182,-0.6945514862299946,-35919.5791790039,-0.6065447345323185,-190651.7592813221,-0.6760700683734826,1
2014,10,Birkenhead,493000,281010,211990,28554.8813572924,72094.0073872234,100648.888744516,-252455.1186427076,-0.8983848213327198,-139895.99261277658,-0.6599178858095975,-392351.111255484,-0.7958440390577769,2
2015,10,Birkenhead,299000,236210,62790,55477.0157875885,5635.76033397725,61112.7761215658,-180732.9842124115,-0.7651368875678909,-57154.23966602275,-0.9102443010992635,-237887.2238784342,-0.7956094444094789,3
2016,10,Birkenhead,68000,16320,51680,15555.3240877953,34018.1853882627,49573.509476058,-764.6759122047006,-0.046855141679209594,-17661.814611737303,-0.34175337871008715,-18426.490523941997,-0.27097780182267645,0
2017,10,Birkenhead,143000,132990,10010,14137.7789349235,7772.71828889732,21910.4972238208,-118852.2210650765,-0.8936929172499926,-2237.2817111026798,-0.22350466644382416,-121089.5027761792,-0.8467797396935608,1
2018,10,Birkenhead,187000,71060,115940,7905.94893812228,26938.7889743426,34844.7379124649,-63154.05106187772,-0.8887426268206828,-89001.2110256574,-0.7676488789516767,-152155.2620875351,-0.813664503141899,2
2019,10,Birkenhead,229000,144270,84730,1049.9971443907,3213.63196525626,4263.62910964696,-143220.0028556093,-0.9927219994150501,-81516.36803474373,-0.9620720882183846,-224736.37089035305,-0.9813815322722841,3
2020,10,Birkenhead,68000,56440,11560,8897.05882352941,1617.64705882353,10514.7058823529,-47542.94117647059,-0.8423625297035894,-9942.35294117647,-0.8600651333197639,-57485.2941176471,-0.8453719723183397,0
2009,11,Cultus,5000,4750,250,905.754642171773,34.6884756576423,940.443117829415,-3844.245357828227,-0.8093148121743636,-215.3115243423577,-0.8612460973694308,-4059.556882170585,-0.811911376434117,1
2010,11,Cultus,9000,9000,0,19919.4979364637,0,19919.4979364637,10919.4979364637,1.2132775484959666,0,NA,10919.4979364637,1.2132775484959666,2
2011,11,Cultus,15000,12000,3000,12280.0352001752,247.24903087601,12527.2842310512,280.03520017519986,0.023336266681266656,-2752.75096912399,-0.9175836563746634,-2472.7157689487995,-0.16484771792991995,3
2012,11,Cultus,3000,3000,0,1873.21663302067,220.378427414197,2093.59506043487,-1126.78336697933,-0.3755944556597766,220.378427414197,Inf,-906.40493956513,-0.30213497985504334,0
2013,11,Cultus,7000,6650,350,2523.55158768275,62.7749151164864,2586.32650279924,-4126.44841231725,-0.6205185582431955,-287.2250848835136,-0.8206430996671817,-4413.67349720076,-0.6305247853143943,1
2014,11,Cultus,13000,13000,0,18630.0579509798,145.169282734907,18775.2272337147,5630.057950979801,0.4330813808446001,145.169282734907,Inf,5775.227233714701,0.44424824874728464,2
2015,11,Cultus,6000,6000,0,1594.36779165376,138.32414630786,1732.69193796162,-4405.63220834624,-0.7342720347243733,138.32414630786,Inf,-4267.30806203838,-0.71121801033973,3
2016,11,Cultus,4000,4000,0,3856.18301572239,28.7774851919581,3884.96050091435,-143.81698427761012,-0.03595424606940253,28.7774851919581,Inf,-115.03949908564982,-0.028759874771412456,0
2017,11,Cultus,3000,2940,60,709.449537286821,130.975299191413,840.424836478234,-2230.550462713179,-0.7586906335759113,70.975299191413,1.1829216531902167,-2159.5751635217657,-0.7198583878405885,1
2018,11,Cultus,1000,1000,0,1411.29380567914,24.3326518220541,1435.62645750119,411.29380567913995,0.4112938056791399,24.3326518220541,Inf,435.6264575011901,0.4356264575011901,2
2019,11,Cultus,1000,860,140,51.3623989137924,29.5333793754306,80.895778289223,-808.6376010862076,-0.9402762803327995,-110.4666206245694,-0.7890472901754957,-919.104221710777,-0.919104221710777,3
2020,11,Cultus,1000,730,270,800,0,800,70,0.0958904109589041,-270,-1,-200,-0.2,0
2009,12,Portage,66000,66000,0,2520.02371397416,61.4639930237599,2581.48770699792,-63479.97628602584,-0.961817822515543,61.4639930237599,Inf,-63418.51229300208,-0.9608865498939709,1
2010,12,Portage,42000,41000,1000,171031.704775974,0,171031.704775974,130031.70477597401,3.1715049945359515,-1000,-1,129031.70477597401,3.072183447047,2
2011,12,Portage,19000,12920,6080,2739.98971391728,1268.51375644319,4008.50347036047,-10180.010286082721,-0.7879264927308608,-4811.48624355681,-0.7913628690060543,-14991.49652963953,-0.7890261331389226,3
2012,12,Portage,2000,1200,800,94.3423863141336,94.3423863141336,188.684772628267,-1105.6576136858664,-0.921381344738222,-705.6576136858664,-0.882072017107333,-1811.315227371733,-0.9056576136858665,0
2013,12,Portage,12000,11040,960,12139.3109428401,208.400187859915,12347.7111307,1099.3109428401003,0.09957526656160329,-751.599812140085,-0.7829164709792552,347.71113069999956,0.028975927558333295,1
2014,12,Portage,111000,109890,1110,83763.6499178756,0,83763.6499178756,-26126.350082124394,-0.2377500234973555,-1110,-1,-27236.350082124394,-0.24537252326238193,2
2015,12,Portage,8000,5040,2960,51.3017221380338,28.497291632617902,79.7990137706517,-4988.698277861966,-0.9898210868773741,-2931.502708367382,-0.9903725366106021,-7920.200986229348,-0.9900251232786685,3
2016,12,Portage,400,300,100,218.918234871351,0,218.918234871351,-81.08176512864901,-0.27027255042883,-100,-1,-181.081765128649,-0.45270441282162255,0
2017,12,Portage,51000,51000,0,1821.39857419477,0,1821.39857419477,-49178.60142580523,-0.9642863024667693,0,NA,-49178.60142580523,-0.9642863024667693,1
2018,12,Portage,102000,89760,12240,92019.5145205491,773.273231265118,92792.7877518142,2259.514520549099,0.025172844480270712,-11466.726768734881,-0.9368240824129805,-9207.212248185795,-0.09026678674691956,2
2019,12,Portage,2000,140,1860,8.7437790909975,1069.23927169912,1077.98305079012,-131.2562209090025,-0.9375444350643036,-790.7607283008799,-0.4251401765058494,-922.0169492098801,-0.46100847460494004,3
2020,12,Portage,400,372,28,15.3846153846154,7.69230769230769,23.0769230769231,-356.6153846153846,-0.9586435070306037,-20.30769230769231,-0.7252747252747254,-376.9230769230769,-0.9423076923076923,0
2009,13,Weaver,336000,258720,77280,60581.9569121729,55643.2104247675,116225.16733694,-198138.0430878271,-0.7658396841675444,-21636.7895752325,-0.2799791611701928,-219774.83266306,-0.6540917638781547,1
2010,13,Weaver,264000,258000,6000,228118.682051231,4536.45106351881,232655.13311475,-29881.317948768992,-0.11581906181693408,-1463.5489364811901,-0.24392482274686503,-31344.866885249998,-0.11873055638352271,2
2011,13,Weaver,440000,330000,110000,314083.256106447,21499.7466977627,335583.00280421,-15916.743893552979,-0.048232557253190846,-88500.2533022373,-0.8045477572930663,-104416.99719579,-0.23731135726315908,3
2012,13,Weaver,47000,5170,41830,16273.23418282,14163.7408628248,30436.9750456448,11103.23418282,2.1476275015125728,-27666.2591371752,-0.6613975409317523,-16563.0249543552,-0.35240478626287663,0
2013,13,Weaver,147000,145530,1470,204609.185188125,46947.9979712479,251557.183159373,59079.185188125004,0.4059588070372088,45477.9979712479,30.93741358588293,104557.183159373,0.7112733548256667,1
2014,13,Weaver,323000,290700,32300,113627.011228138,25468.1232063068,139095.134434445,-177072.988771862,-0.6091262083655383,-6831.876793693202,-0.2115132134270341,-183904.865565555,-0.5693649088716873,2
2015,13,Weaver,346000,273340,72660,532.163483013307,10888.8835755031,11421.0470585164,-272807.8365169867,-0.998053107913173,-61771.1164244969,-0.8501392296242347,-334578.9529414836,-0.966991193472496,3
2016,13,Weaver,8000,4960,3040,1020.1554543142,21.2532386315459,1041.40869294575,-3939.8445456858,-0.7943234971140726,-3018.746761368454,-0.9930088030817282,-6958.59130705425,-0.8698239133817812,0
2017,13,Weaver,186000,180420,5580,62623.256955105,635.769106143198,63259.0260612482,-117796.743044895,-0.6529029101257898,-4944.230893856802,-0.886062884203728,-122740.97393875179,-0.6598977093481279,1
2018,13,Weaver,150000,91500,58500,20943.4984147821,30061.7562280206,51005.2546428026,-70556.50158521789,-0.7711093069422721,-28438.2437719794,-0.486123825162041,-98994.74535719739,-0.6599649690479826,2
2019,13,Weaver,27000,11070,15930,2571.26930004481,1037.1946009398,3608.46390098461,-8498.730699955191,-0.7677263504927905,-14892.8053990602,-0.9348904833057251,-23391.53609901539,-0.8663531888524219,3
2020,13,Weaver,1000,700,300,2200,1000,3200,1500,2.142857142857143,700,2.3333333333333335,2200,2.2,0
2009,14,Upper Barriere(Fennell),34000,28900,5100,906.212079201031,671.846886304212,1578.05896550524,-27993.787920798968,-0.9686431806504833,-4428.153113695788,-0.8682653164109388,-32421.94103449476,-0.9535865010145518,1
2010,14,Upper Barriere(Fennell),31000,31000,0,18953.2809921997,626.554743543791,19579.8357357435,-12046.7190078003,-0.3886038389613,626.554743543791,Inf,-11420.164264256498,-0.36839239562117737,2
2011,14,Upper Barriere(Fennell),25000,18000,7000,4838.56232956964,11740.629182044,16579.1915116136,-13161.437670430361,-0.7311909816905756,4740.629182044,0.677232740292,-8420.8084883864,-0.336832339535456,3
2012,14,Upper Barriere(Fennell),12000,3960,8040,7874.37149738725,379.487783006614,8253.85928039386,3914.37149738725,0.9884776508553662,-7660.512216993386,-0.9528000269892271,-3746.140719606139,-0.3121783933005116,0
2013,14,Upper Barriere(Fennell),9000,7020,1980,6744.02486689094,706.516890817146,7450.54175770808,-275.97513310906015,-0.039312697024082646,-1273.4831091828542,-0.6431732874660879,-1549.4582422919202,-0.17216202692132446,1
2014,14,Upper Barriere(Fennell),24000,19920,4080,22187.3476684557,1599.08812024906,23786.4357887048,2267.347668455699,0.113822674119262,-2480.91187975094,-0.6080666371938579,-213.56421129520095,-0.008898508803966707,2
2015,14,Upper Barriere(Fennell),27000,21870,5130,1324.43458428695,1655.54323035869,2979.97781464563,-20545.56541571305,-0.9394405768501622,-3474.45676964131,-0.6772820213725751,-24020.02218535437,-0.8896304513094211,3
2016,14,Upper Barriere(Fennell),14000,8540,5460,2087.01929576359,213.631896416746,2300.65119218034,-6452.98070423641,-0.7556183494422026,-5246.368103583254,-0.960873279044552,-11699.34880781966,-0.8356677719871186,0
2017,14,Upper Barriere(Fennell),14000,12320,1680,448.429743801324,370.441962270659,818.871706071984,-11871.570256198676,-0.9636014818343082,-1309.5580377293409,-0.7794988319817505,-13181.128293928015,-0.9415091638520011,1
2018,14,Upper Barriere(Fennell),25000,20000,5000,6270.36962253974,365.771561314818,6636.14118385456,-13729.63037746026,-0.686481518873013,-4634.2284386851825,-0.9268456877370365,-18363.85881614544,-0.7345543526458176,2
2019,14,Upper Barriere(Fennell),10000,8300,1700,136.350172059779,539.720177719604,676.070349779383,-8163.649827940221,-0.9835722684265327,-1160.279822280396,-0.68251754251788,-9323.929650220616,-0.9323929650220616,3
2020,14,Upper Barriere(Fennell),8000,5920,2080,707.017543859649,0,707.017543859649,-5212.982456140351,-0.8805713608345188,-2080,-1,-7292.982456140351,-0.911622807017544,0
2009,15,Scotch,32000,30720,1280,5761.49812290403,147.730721100103,5909.22884400413,-24958.50187709597,-0.8124512329783844,-1132.269278899897,-0.8845853741405445,-26090.77115599587,-0.815336598624871,1
2010,15,Scotch,265000,264000,1000,1006260.28393213,0,1006260.28393213,742260.28393213,2.8115919845914012,-1000,-1,741260.28393213,2.797208618611811,2
2011,15,Scotch,57000,26220,30780,48655.545546394,22199.0926555423,70854.6382019362,22435.545546394,0.8556653526466057,-8580.9073444577,-0.27878191502461663,13854.638201936206,0.24306382810414398,3
2012,15,Scotch,300,249,51,4810.05453255759,1020.31459781525,5830.36913037283,4561.05453255759,18.317488082560605,969.31459781525,19.006168584612745,5530.36913037283,18.434563767909435,0
2013,15,Scotch,17000,17000,0,45358.6063441218,618.526450147116,45977.1327942689,28358.6063441218,1.668153314360106,618.526450147116,Inf,28977.132794268902,1.7045372231922884,1
2014,15,Scotch,1542000,1542000,0,384091.703660719,2170.0096252018,386261.713285921,-1157908.296339281,-0.7509132920488203,2170.0096252018,Inf,-1155738.2867140789,-0.7495060225123727,2
2015,15,Scotch,185000,151700,33300,8020.33562036719,6122.39360333373,14142.7292237009,-143679.6643796328,-0.9471302859567093,-27177.60639666627,-0.8161443362362243,-170857.2707762991,-0.9235528150070221,3
2016,15,Scotch,12000,12000,0,1988.65833572546,326.009563233682,2314.66789895914,-10011.34166427454,-0.8342784720228783,326.009563233682,Inf,-9685.33210104086,-0.8071110084200717,0
2017,15,Scotch,9000,8910,90,7105.12998444777,109.309692068427,7214.4396765162,-1804.8700155522301,-0.2025667806455926,19.309692068426997,0.2145521340936333,-1785.5603234838,-0.1983955914982,1
2018,15,Scotch,330000,316800,13200,228377.542498799,0,228377.542498799,-88422.45750120099,-0.27911129261742734,-13200,-1,-101622.45750120099,-0.3079468409127303,2
2019,15,Scotch,19000,15580,3420,1676.96423571236,2203.79904088598,3880.76327659833,-13903.03576428764,-0.8923642980929166,-1216.20095911402,-0.35561431553041517,-15119.236723401671,-0.7957493012316669,3
2020,15,Scotch,4000,2800,1200,924.561403508772,54.3859649122807,978.947368421052,-1875.438596491228,-0.6697994987468672,-1145.6140350877192,-0.9546783625730993,-3021.052631578948,-0.755263157894737,0
2009,16,Gates,74000,66600,7400,14037.5522870078,8460.99041956633,22498.5427065741,-52562.4477129922,-0.7892259416365195,1060.9904195663294,0.14337708372517965,-51501.457293425905,-0.69596563910035,1
2010,16,Gates,9000,7000,2000,24855.7530305688,872.131685283115,25727.8847158519,17855.7530305688,2.550821861509829,-1127.868314716885,-0.5639341573584424,16727.8847158519,1.8586538573168776,2
2011,16,Gates,17000,13940,3060,106460.375834211,13639.0517082975,120099.427542508,92520.375834211,6.637042742769799,10579.0517082975,3.457206440620098,103099.427542508,6.064672208382824,3
2012,16,Gates,12000,11040,960,66800.6320757983,1192.86842992497,67993.5005057233,55760.632075798305,5.050781890923759,232.8684299249701,0.24257128117184384,55993.50050572331,4.666125042143609,0
2013,16,Gates,67000,64320,2680,101428.174871585,10513.8961757131,111942.071047298,37108.174871585,0.5769305794711598,7833.8961757131,2.9230955879526492,44942.071047298,0.6707771798104178,1
2014,16,Gates,79000,64780,14220,33061.3259618043,16003.0886304478,49064.4145922521,-31718.6740381957,-0.4896368329452871,1783.0886304478008,0.1253930119864839,-29935.5854077479,-0.37893146085756835,2
2015,16,Gates,141000,126900,14100,33787.8420624732,4139.57005401162,37927.4121164848,-93112.15793752679,-0.7337443493894941,-9960.42994598838,-0.7064134713466936,-103072.5878835152,-0.7310112615852141,3
2016,16,Gates,76000,60800,15200,21155.5509521577,547.126317728215,21702.6772698859,-39644.449047842296,-0.6520468593395115,-14652.873682271786,-0.9640048475178806,-54297.3227301141,-0.7144384569751856,0
2017,16,Gates,49000,44100,4900,8551.42949533468,1524.01713778242,10075.4466331171,-35548.57050466532,-0.806090034119395,-3375.98286221758,-0.6889760943301184,-38924.5533668829,-0.7943786401404673,1
2018,16,Gates,38000,28880,9120,8408.45200996316,4451.53341703932,12859.9854270025,-20471.547990036837,-0.7088486146134639,-4668.46658296068,-0.5118932656755132,-25140.014572997497,-0.6615793308683552,2
2019,16,Gates,41000,34030,6970,12479.357894076,1086.17519732926,13565.5330914053,-21550.642105924002,-0.6332836352019983,-5883.82480267074,-0.8441642471550559,-27434.466908594703,-0.6691333392340172,3
2020,16,Gates,15000,12600,2400,7633.87978142076,901.639344262295,8535.51912568306,-4966.12021857924,-0.3941365252840667,-1498.360655737705,-0.6243169398907104,-6464.48087431694,-0.4309653916211293,0
2009,17,Nadina,73000,46720,26280,11562.5997562355,18897.4647998386,30460.064556074,-35157.400243764496,-0.7525128476833154,-7382.535200161401,-0.2809183866119255,-42539.935443926,-0.5827388416976165,1
2010,17,Nadina,30000,28000,2000,43344.0462396138,4655.47163314371,47999.5178727575,15344.046239613803,0.5480016514147786,2655.4716331437103,1.3277358165718551,17999.517872757497,0.5999839290919166,2
2011,17,Nadina,15000,6000,9000,10326.3263367957,21570.5483479732,31896.8746847689,4326.326336795701,0.7210543894659501,12570.5483479732,1.3967275942192443,16896.8746847689,1.1264583123179266,3
2012,17,Nadina,70000,67900,2100,85993.6942738019,1162.07694964597,87155.7712234479,18093.6942738019,0.26647561522535934,-937.92305035403,-0.4466300239781095,17155.771223447897,0.24508244604925566,0
2013,17,Nadina,44000,29040,14960,17161.5523106106,5140.90553798027,22302.4578485909,-11878.447689389399,-0.40903745486878096,-9819.09446201973,-0.6563565816858108,-21697.5421514091,-0.49312595798657044,1
2014,17,Nadina,109000,102460,6540,143206.767426564,5496.20855794915,148702.975984513,40746.76742656401,0.39768463231079454,-1043.7914420508496,-0.15960113792826447,39702.975984513,0.3642474860964496,2
2015,17,Nadina,31000,6820,24180,9066.90201779826,77794.0193127091,86860.9213305073,2246.90201779826,0.3294577738707126,53614.019312709104,2.217287812767126,55860.921330507306,1.801965204209913,3
2016,17,Nadina,90000,88200,1800,42700.8341275469,1094.89318275761,43795.7273103045,-45499.1658724531,-0.515863558644593,-705.10681724239,-0.3917260095791055,-46204.2726896955,-0.5133808076632833,0
2017,17,Nadina,67000,48240,18760,3524.33628004204,3651.11096637449,7175.44724641653,-44715.663719957956,-0.9269416194021135,-15108.88903362551,-0.8053778802572233,-59824.55275358347,-0.8929037724415443,1
2018,17,Nadina,153000,142290,10710,406820.52948799,6914.79653520662,413735.326023196,264530.52948799,1.859094310829925,-3795.2034647933797,-0.35436073434111853,260735.326023196,1.7041524576679477,2
2019,17,Nadina,129000,82560,46440,1945.68309260083,80634.6136437547,82580.2967363555,-80614.31690739917,-0.9764331020760559,34194.613643754696,0.7363181232505318,-46419.70326364449,-0.35984266095848444,3
2020,17,Nadina,72000,72000,0,17722.5806451613,991.935483870968,18714.5161290323,-54277.4193548387,-0.7538530465949819,991.935483870968,Inf,-53285.4838709677,-0.7400761648745514,0
2009,18,Pitt,124000,32240,91760,1726.48465018704,30713.2532506959,32439.7379008829,-30513.51534981296,-0.9464489872770768,-61046.746749304104,-0.6652871267360952,-91560.2620991171,-0.7383892104767508,1
2010,18,Pitt,26000,25000,1000,12711.2631320648,6609.85682867367,19321.1199607384,-12288.7368679352,-0.491549474717408,5609.85682867367,5.60985682867367,-6678.880039261599,-0.2568800015100615,2
2011,18,Pitt,118000,33040,84960,11429.4169029168,54326.8387852928,65756.2556882096,-21610.5830970832,-0.654073338289443,-30633.1612147072,-0.3605598071410923,-52243.744311790404,-0.44274359586263057,3
2012,18,Pitt,35000,3150,31850,14412.4153707264,69777.1817338827,84189.5971046091,11262.4153707264,3.5753699589607617,37927.181733882695,1.190806333873868,49189.5971046091,1.4054170601316887,0
2013,18,Pitt,15000,13050,1950,9166.23352859611,65538.5697294621,74704.8032580583,-3883.7664714038892,-0.2976066261612176,63588.569729462106,32.6095229381857,59704.803258058295,3.9803202172038863,1
2014,18,Pitt,73000,16790,56210,18780.5964122167,48292.9622028428,67073.5586150595,1990.5964122166988,0.11855845218681947,-7917.037797157202,-0.14084749683610037,-5926.4413849404955,-0.08118412856082871,2
2015,18,Pitt,79000,29230,49770,26530.6188218481,28122.455951159,54653.0747730071,-2699.3811781519,-0.0923496810862778,-21647.544048841,-0.43495165860640944,-24346.9252269929,-0.3081889269239607,3
2016,18,Pitt,90000,18000,72000,8544.31906954889,70107.2333911704,78651.5524607193,-9455.68093045111,-0.5253156072472839,-1892.7666088295955,-0.026288425122633272,-11348.447539280707,-0.1260938615475634,0
2017,18,Pitt,84000,10920,73080,823.959606099755,46965.6975476861,47789.6571537858,-10096.040393900244,-0.9245458236172385,-26114.302452313903,-0.357338566670962,-36210.3428462142,-0.43107551007397854,1
2018,18,Pitt,53000,5830,47170,1776.49115124607,25334.3085916831,27110.7997429292,-4053.5088487539297,-0.695284536664482,-21835.6914083169,-0.46291480619709346,-25889.2002570708,-0.48847547654850565,2
2019,18,Pitt,34000,9520,24480,924.608279951763,4303.22409228298,5227.83237223475,-8595.391720048237,-0.902877281517672,-20176.77590771702,-0.8242147021126234,-28772.16762776525,-0.8462402243460369,3
2020,18,Pitt,41000,14760,26240,5877.55102040816,3122.44897959184,9000,-8882.44897959184,-0.60179193628671,-23117.55102040816,-0.8810042309606768,-32000,-0.7804878048780488,0
2009,19,Harrison,69000,58650,10350,10133.0589960427,390122.771347643,400255.830343686,-48516.9410039573,-0.8272283206130826,379772.771347643,36.6930213862457,331255.830343686,4.800809135415739,1
2010,19,Harrison,195000,195000,0,998153.341443374,304890.475204521,1303043.8166479,803153.341443374,4.118735084324995,304890.475204521,Inf,1108043.8166479,5.6822759828097436,2
2011,19,Harrison,380000,342000,38000,1334057.50210863,58002.5000916795,1392060.00220031,992057.50210863,2.9007529301421933,20002.500091679503,0.5263815813599869,1012060.0022003099,2.663315795263973,3
2012,19,Harrison,83000,39010,43990,118879.72832539,25216.9120690221,144096.640394412,79869.72832539,2.0474167732732633,-18773.0879309779,-0.42675807981309166,61096.64039441201,0.7361041011374941,0
2013,19,Harrison,82000,82000,0,149629.04146739,229787.456539207,379416.498006597,67629.04146739,0.8247444081389024,229787.456539207,Inf,297416.498006597,3.6270304634950854,1
2014,19,Harrison,473000,321640,151360,1008896.40049355,47199.8316020375,1056096.23209559,687256.40049355,2.1367255331847717,-104160.1683979625,-0.6881617890985894,583096.2320955901,1.2327615900541016,2
2015,19,Harrison,1414000,1272600,141400,170603.79165014,14563.7383115973,185167.529961737,-1101996.20834986,-0.8659407577792394,-126836.2616884027,-0.8970032651230743,-1228832.4700382631,-0.8690470085136232,3
2016,19,Harrison,176000,47520,128480,90970.661555979,9635.52178474544,100606.183340724,43450.66155597899,0.9143657734844064,-118844.47821525455,-0.9250037220988057,-75393.816659276,-0.4283739582913409,0
2017,19,Harrison,251000,40160,210840,66556.3870286691,1530.03188571653,68086.4189143857,26396.387028669094,0.6572805535027165,-209309.96811428346,-0.9927431612326099,-182913.5810856143,-0.7287393668749574,1
2018,19,Harrison,87000,5220,81780,37743.5375089622,2478.68007521543,40222.2175841776,32523.537508962203,6.230562741180498,-79301.31992478458,-0.9696908770455439,-46777.7824158224,-0.5376756599519816,2
2019,19,Harrison,293000,167010,125990,3039.25860340607,7619.27238086506,10658.5309842711,-163970.74139659392,-0.9818019363905989,-118370.72761913494,-0.9395247846585835,-282341.4690157289,-0.9636227611458325,3
2020,19,Harrison,168000,137760,30240,53454.3080939948,5545.69190600522,59000,-84305.6919060052,-0.6119751154617102,-24694.30809399478,-0.8166107173940073,-109000,-0.6488095238095238,0
2009,21,Misc(EShu),6000,4320,1680,2998.95234612902,408.33869628019,3407.29104240921,-1321.04765387098,-0.3057980680256898,-1271.66130371981,-0.7569412522141725,-2592.70895759079,-0.432118159598465,1
2010,21,Misc(EShu),134000,134000,0,682204.547030898,256.011562243749,682460.558593142,548204.547030898,4.0910787091858065,256.011562243749,Inf,548460.558593142,4.092989243232402,2
2011,21,Misc(EShu),41000,34850,6150,12142.4860621141,21098.5478709615,33241.0339330756,-22707.513937885902,-0.651578592191848,14948.547870961502,2.4306581904002442,-7758.966066924397,-0.18924307480303407,3
2012,21,Misc(EShu),6000,3360,2640,1859.47932274054,56.8365161201613,1916.3158388607,-1500.52067725946,-0.44658353489864877,-2583.1634838798386,-0.978471016621151,-4083.6841611393,-0.68061402685655,0
2013,21,Misc(EShu),13000,13000,0,20395.5281994871,360.063639167043,20755.5918386541,7395.5281994871,0.5688867845759308,360.063639167043,Inf,7755.591838654102,0.5965839875887771,1
2014,21,Misc(EShu),982000,982000,0,775186.178148343,1297.07427768926,776483.252426032,-206813.821851657,-0.21060470656991548,1297.07427768926,Inf,-205516.74757396802,-0.20928385699996743,2
2015,21,Misc(EShu),164000,60680,103320,27289.8732087466,8443.26025881931,35733.1334675659,-33390.126791253395,-0.5502657678189419,-94876.73974118069,-0.9182804852998518,-128266.8665324341,-0.7821150398319152,3
2016,21,Misc(EShu),8000,2000,6000,387.988696639294,96.1405933615249,484.129290000819,-1612.011303360706,-0.806005651680353,-5903.859406638475,-0.9839765677730792,-7515.870709999181,-0.9394838387498976,0
2017,21,Misc(EShu),7000,7000,0,2420.2030542234,37.7819209916669,2457.98497521506,-4579.796945776599,-0.6542567065395142,37.7819209916669,Inf,-4542.01502478494,-0.6488592892549914,1
2018,21,Misc(EShu),956000,956000,0,864838.787713932,326.764046683043,865165.551760615,-91161.21228606801,-0.09535691661722595,326.764046683043,Inf,-90834.44823938503,-0.09501511322111406,2
2019,21,Misc(EShu),156000,62400,93600,2316.48359032263,2843.74550620761,5160.22909653024,-60083.51640967737,-0.9628768655397015,-90756.2544937924,-0.9696181035661581,-150839.77090346976,-0.9669216083555754,3
2020,21,Misc(EShu),7000,770,6230,380.701754385965,0,380.701754385965,-389.298245614035,-0.5055821371610845,-6230,-1,-6619.298245614035,-0.9456140350877194,0
2009,22,Misc(Taseko+N.Thomp.Trib),13000,11440,1560,1493.79803204181,1039.92710350165,2533.72513554346,-9946.20196795819,-0.8694232489473942,-520.07289649835,-0.3333800618579167,-10466.27486445654,-0.8050980664966569,1
2010,22,Misc(Taseko+N.Thomp.Trib),14000,13720,280,3664.8269360419,71.9988860797345,3736.82582212164,-10055.1730639581,-0.7328843341077332,-208.00111392026548,-0.7428611211438053,-10263.17417787836,-0.7330838698484543,2
2011,22,Misc(Taseko+N.Thomp.Trib),11000,4950,6050,1893.22381114066,2136.63821787435,4029.86202901501,-3056.77618885934,-0.6175305432039071,-3913.36178212565,-0.6468366582025867,-6970.13797098499,-0.6336489064531808,3
2012,22,Misc(Taseko+N.Thomp.Trib),3000,1500,1500,1462.02084762187,406.386644509703,1868.40749213158,-37.97915237813004,-0.02531943491875336,-1093.613355490297,-0.7290755703268647,-1131.59250786842,-0.37719750262280666,0
2013,22,Misc(Taseko+N.Thomp.Trib),1000,500,500,4241.32463708799,833.991678629751,5075.31631571774,3741.3246370879897,7.482649274175979,333.99167862975105,0.6679833572595021,4075.3163157177396,4.07531631571774,1
2014,22,Misc(Taseko+N.Thomp.Trib),6000,3000,3000,2853.24280595317,994.80378651929,3848.04659247246,-146.75719404683014,-0.04891906468227671,-2005.19621348071,-0.6683987378269033,-2151.95340752754,-0.35865890125459,2
2015,22,Misc(Taseko+N.Thomp.Trib),7000,5010,1990,2652.74466381535,422.120484849839,3074.86514866519,-2357.25533618465,-0.47051004714264466,-1567.879515150161,-0.7878791533417895,-3925.13485133481,-0.5607335501906872,3
2016,22,Misc(Taseko+N.Thomp.Trib),3000,1500,1500,1000.23413230471,343.556546328717,1343.79067863343,-499.76586769529,-0.33317724513019337,-1156.443453671283,-0.770962302447522,-1656.20932136657,-0.5520697737888567,0
2017,22,Misc(Taseko+N.Thomp.Trib),8500,8500,0,966.222316326573,1455.40651004806,2421.62882637463,-7533.7776836734265,-0.8863267863145208,1455.40651004806,Inf,-6078.37117362537,-0.7151024910147494,1
2018,22,Misc(Taseko+N.Thomp.Trib),7000,4270,2730,472.674513033842,111.306942128087,583.981455161929,-3797.3254869661578,-0.8893033927321212,-2618.693057871913,-0.959228226326708,-6416.018544838071,-0.9165740778340101,2
2019,22,Misc(Taseko+N.Thomp.Trib),8000,6220,1780,300.772786813437,249.739137065309,550.511923878746,-5919.227213186563,-0.9516442464930166,-1530.260862934691,-0.8596971140082533,-7449.488076121254,-0.9311860095151568,3
2020,22,Misc(Taseko+N.Thomp.Trib),2900,1696,1204,300.546448087432,240.437158469945,540.983606557377,-1395.453551912568,-0.8227910093824103,-963.562841530055,-0.8003013633970557,-2359.0163934426228,-0.8134539287733182,0
2009,23,Misc(Chilliwack),44000,9240,34760,1139.88065742456,6881.50174667422,8021.38240409878,-8100.11934257544,-0.8766362924865195,-27878.49825332578,-0.8020281430761156,-35978.61759590122,-0.8176958544523004,1
2010,23,Misc(Chilliwack),2000,1740,260,3570.27338207372,79.3394084905272,3649.61279056425,1830.2733820737199,1.0518812540653562,-180.6605915094728,-0.6948484288825877,1649.6127905642502,0.8248063952821251,2
2011,23,Misc(Chilliwack),9000,8010,990,6167.44281639653,319.005662917062,6486.4484793136,-1842.5571836034696,-0.23003210781566413,-670.994337082938,-0.6777720576595334,-2513.5515206864,-0.2792835022984889,3
2012,23,Misc(Chilliwack),127000,124460,2540,187793.732674781,24231.4493773911,212025.182052172,63333.732674781,0.5088681719008598,21691.4493773911,8.539940699760276,85025.182052172,0.6694896224580472,0
2013,23,Misc(Chilliwack),57000,14250,42750,5323.37394911403,12284.7091133401,17608.0830624541,-8926.62605088597,-0.6264298983077874,-30465.2908866599,-0.7126383833136819,-39391.9169375459,-0.6910862620622088,1
2014,23,Misc(Chilliwack),14000,8960,5040,4506.6826508981,1723.14336651986,6229.82601741796,-4453.3173491019,-0.49702202556940844,-3316.85663348014,-0.6581064748968531,-7770.17398258204,-0.5550124273272885,2
2015,23,Misc(Chilliwack),18000,14940,3060,8677.27169417278,1061.24905612185,9738.52075029463,-6262.7283058272205,-0.4191919883418488,-1998.75094387815,-0.6531865829667157,-8261.47924970537,-0.4589710694280761,3
2016,23,Misc(Chilliwack),138000,136620,1380,64441.5053812861,2196.86950163475,66638.3748829208,-72178.4946187139,-0.5283157269705306,816.8695016347501,0.5919344214744566,-71361.6251170792,-0.5171132254860811,0
2017,23,Misc(Chilliwack),78000,11700,66300,991.885455588051,8797.59273652011,9789.47819210816,-10708.114544411948,-0.9152234653343546,-57502.407263479894,-0.8673062935668159,-68210.52180789184,-0.8744938693319467,1
2018,23,Misc(Chilliwack),11000,5170,5830,2781.31606171702,103.011705989519,2884.32776770654,-2388.68393828298,-0.4620278410605377,-5726.988294010481,-0.9823307536896193,-8115.67223229346,-0.7377883847539509,2
2019,23,Misc(Chilliwack),8000,6800,1200,878.531453584655,647.448899229279,1525.98035281393,-5921.468546415345,-0.8708041980022567,-552.551100770721,-0.46045925064226745,-6474.01964718607,-0.8092524558982588,3
2020,23,Misc(Chilliwack),39000,37050,1950,24855.7142857143,544.285714285714,25400,-12194.2857142857,-0.3291305186042024,-1405.714285714286,-0.720879120879121,-13600,-0.3487179487179487,0
2009,24,Misc(Nahatlatch),7000,7000,0,663.872611320924,2467.77876939018,3131.6513807111,-6336.127388679076,-0.9051610555255822,2467.77876939018,Inf,-3868.3486192889,-0.5526212313269857,1
2010,24,Misc(Nahatlatch),4000,3000,1000,7804.76828861369,821.93146401214,8626.69975262583,4804.76828861369,1.6015894295378967,-178.06853598785995,-0.17806853598785993,4626.699752625829,1.1566749381564574,2
2011,24,Misc(Nahatlatch),16000,15040,960,5276.42876605791,9177.37213111545,14453.8008971734,-9763.57123394209,-0.6491736192780645,8217.37213111545,8.559762636578593,-1546.1991028266002,-0.09663744392666251,3
2012,24,Misc(Nahatlatch),5000,1000,4000,5628.32348739707,1117.77850670376,6746.10199410083,4628.32348739707,4.628323487397069,-2882.2214932962397,-0.72055537332405994,1746.1019941008299,0.349220398820166,0
2013,24,Misc(Nahatlatch),3000,2010,990,660.301676442175,2303.81256866917,2964.11424511135,-1349.698323557825,-0.6714917032625995,1313.81256866917,1.3270834026961313,-35.8857548886499,-0.011961918296216633,1
2014,24,Misc(Nahatlatch),19000,16910,2090,7821.7336447095,5355.36527397573,13177.0989186852,-9088.2663552905,-0.5374492226664991,3265.36527397573,1.5623757291749905,-5822.9010813148,-0.30646847796393684,2
2015,24,Misc(Nahatlatch),27000,21060,5940,4476.99880663935,2501.1896824393302,6978.18848907868,-16583.00119336065,-0.787416960748369,-3438.81031756067,-0.5789242958856347,-20021.81151092132,-0.7415485744785675,3
2016,24,Misc(Nahatlatch),14000,7000,7000,2006.87823540246,3142.7004429135,5149.57867831596,-4993.12176459754,-0.71330310922822,-3857.2995570865,-0.5510427938695001,-8850.42132168404,-0.63217295154886,0
2017,24,Misc(Nahatlatch),7000,4970,2030,1250.86929531881,1945.37428949367,3196.24358481248,-3719.13070468119,-0.7483160371591931,-84.62571050633005,-0.04168754212134485,-3803.75641518752,-0.5433937735982172,1
2018,24,Misc(Nahatlatch),13000,11440,1560,2663.64957783216,4571.85060770947,7235.50018554163,-8776.35042216784,-0.7671634984412448,3011.85060770947,1.9306734664804295,-5764.49981445837,-0.4434230626506438,2
2019,24,Misc(Nahatlatch),12000,7800,4200,918.322254239997,852.388396196363,1770.71065043636,-6881.677745760003,-0.8822663776615388,-3347.611603803637,-0.7970503818580088,-10229.28934956364,-0.8524407791303034,3
2020,24,Misc(Nahatlatch),8000,4960,3040,1322.4043715847,240.437158469945,1562.84153005464,-3637.5956284153,-0.7333862154063104,-2799.562841530055,-0.9209088294506759,-6437.15846994536,-0.80464480874317,0
2009,25,Misc (N. Thomp. River),226000,194360,31640,32366.9384901245,4623.84835573207,36990.7868458565,-161993.0615098755,-0.8334691372189519,-27016.15164426793,-0.8538606714370396,-189009.2131541435,-0.8363239520094845,1
2010,25,Misc (N. Thomp. River),48000,42240,5760,50795.9103871217,13367.3448387162,64163.2552258379,8555.910387121701,0.202554696664813,7607.344838716201,1.320719590054896,16163.2552258379,0.3367344838716229,2
2011,25,Misc (N. Thomp. River),87000,57420,29580,50178.0070302476,79169.7444255018,129347.751455749,-7241.9929697523985,-0.1261231795498502,49589.744425501805,1.6764619481237932,42347.75145574901,0.486755763859184,3
2012,25,Misc (N. Thomp. River),24000,6960,17040,27847.3386027748,27847.3386027748,55694.6772055496,20887.3386027748,3.001054396950402,10807.338602774798,0.6342334860783332,31694.677205549597,1.3206115502312332,0
2013,25,Misc (N. Thomp. River),12000,9960,2040,49943.1469730795,6929.91034554692,56873.0573186265,39983.1469730795,4.014372186052158,4889.91034554692,2.397014875268098,44873.0573186265,3.739421443218875,1
2014,25,Misc (N. Thomp. River),23000,19090,3910,74392.5430552532,35602.145605014,109994.688660267,55302.543055253205,2.8969378237429653,31692.145605013997,8.105408083123784,86994.688660267,3.7823777678376955,2
2015,25,Misc (N. Thomp. River),18000,10980,7020,74875.8630005082,11936.7317826897,86812.5947831979,63895.863000508194,5.81929535523754,4916.7317826897,0.7003891428332906,68812.5947831979,3.822921932399883,3
2016,25,Misc (N. Thomp. River),4000,200,3800,7623.41578768948,17364.4470719594,24987.8628596488,7423.41578768948,37.1170789384474,13564.4470719594,3.569591334726158,20987.8628596488,5.2469657149122,0
2017,25,Misc (N. Thomp. River),47000,47000,0,12821.1707652354,2668.36548921143,15489.5362544468,-34178.8292347646,-0.7272091326545659,2668.36548921143,Inf,-31510.4637455532,-0.6704353988415575,1
2018,25,Misc (N. Thomp. River),84000,66360,17640,9013.95549453854,6883.38419582943,15897.339690368,-57346.04450546146,-0.8641658304017701,-10756.615804170571,-0.6097854764269032,-68102.660309632,-0.8107459560670477,2
2019,25,Misc (N. Thomp. River),89000,64080,24920,1341.00148884111,1444.44768809368,2785.44917693478,-62738.99851115889,-0.9790730104737655,-23475.552311906322,-0.9420366096270595,-86214.55082306522,-0.9687028182366879,3
2020,25,Misc (N. Thomp. River),36000,12600,23400,584.269662921348,584.269662921348,1168.5393258427,-12015.730337078652,-0.9536293918316391,-22815.73033707865,-0.9750312109862671,-34831.4606741573,-0.9675405742821472,0
2009,28,Misc(Widgeon+Non-Shuswap),37000,28120,8880,6212.89654306503,2557.65734792881,8770.55389099384,-21907.103456934972,-0.7790577331769194,-6322.34265207119,-0.7119755238818908,-28229.44610900616,-0.7629580029461124,1
2010,28,Misc(Widgeon+Non-Shuswap),132000,130680,1320,25972.0516851874,4240.59857467777,30212.6502598652,-104707.9483148126,-0.8012545784727013,2920.5985746777696,2.212574677786189,-101787.3497401348,-0.7711162859101122,2
2011,28,Misc(Widgeon+Non-Shuswap),37000,21090,15910,14957.7830120116,3749.80043679997,18707.5834488116,-6132.2169879884,-0.29076420047360835,-12160.199563200029,-0.7643117261596498,-18292.4165511884,-0.49438963651860535,3
2012,28,Misc(Widgeon+Non-Shuswap),13000,5980,7020,5751.56428322605,1395.89577436086,7147.46005758691,-228.43571677394993,-0.03819995263778427,-5624.10422563914,-0.8011544480967436,-5852.53994241309,-0.45019538018562233,0
2013,28,Misc(Widgeon+Non-Shuswap),24000,19920,4080,7180.95961295708,3546.12041048583,10727.0800234429,-12739.04038704292,-0.639510059590508,-533.8795895141702,-0.1308528405671986,-13272.9199765571,-0.5530383323565458,1
2014,28,Misc(Widgeon+Non-Shuswap),60000,40800,19200,13007.4225811873,4791.32031078408,17798.7428919714,-27792.5774188127,-0.6811906230101152,-14408.67968921592,-0.7504520671466625,-42201.2571080286,-0.70335428513381,2
2015,28,Misc(Widgeon+Non-Shuswap),66000,43020,22980,8908.38163675684,3132.5356942781,12040.9173310349,-34111.618363243164,-0.7929246481460521,-19847.4643057219,-0.8636842604752785,-53959.0826689651,-0.8175618586206833,3
2016,28,Misc(Widgeon+Non-Shuswap),31000,6940,24060,4873.29779902777,1950.7293506121,6824.02714963987,-2066.7022009722295,-0.29779570619196394,-22109.2706493879,-0.9189223046295886,-24175.97285036013,-0.7798700919471009,0
2017,28,Misc(Widgeon+Non-Shuswap),30000,25300,4700,7275.24845565946,1102.2879527849,8377.53640844435,-18024.75154434054,-0.7124407725035786,-3597.7120472151,-0.7654706483436383,-21622.46359155565,-0.7207487863851884,1
2018,28,Misc(Widgeon+Non-Shuswap),38000,18920,19080,423.570023122757,3046.08170156067,3469.65172468343,-18496.429976877243,-0.9776125780590509,-16033.91829843933,-0.840352112077533,-34530.34827531657,-0.9086933756662257,2
2019,28,Misc(Widgeon+Non-Shuswap),40000,27680,12320,13.4689109067132,69.163631581312,82.6325424880252,-27666.531089093285,-0.9995134063978788,-12250.836368418688,-0.9943860688651532,-39917.36745751197,-0.9979341864377993,3
2020,28,Misc(Widgeon+Non-Shuswap),28700,10577,18123,323.529411764706,0,323.529411764706,-10253.470588235294,-0.9694119871641574,-18123,-1,-28376.470588235294,-0.9887271981963517,0
