model,MRE,MAE,MPE,RMSE,MRE_rank,MAE_rank,MPE_rank,RMSE_rank,average,Overall_rank,pop,age
PowerChum,-0.009015089096604948,0.03553450890892,0.2041018908860379,0.05325749062061727,5,2,3,1,2.75,1,1,99
PowerSalmon_Total,-0.010939395145392439,0.03518681979285831,0.20602057383469818,0.05510121500534671,6,1,4,2,3.25,2,1,99
PowerPink,-0.006014737629046966,0.037648191421689035,0.3256708006109595,0.055920609711417414,4,3,7,3,4.25,3,1,99
RickerChum,-0.012470291418242517,0.0403962361145936,0.1235067973900565,0.060578403154074076,8,6,2,6,5.5,4,1,99
RS8yr,-0.0034954819751083425,0.03951522015780478,0.33844872311701363,0.06325212541367962,3,5,8,7,5.75,5,1,99
RS2,-0.011106460620914742,0.04327992552580064,0.2704877386401303,0.05707749497330459,7,8,6,4,6.25,6,1,99
RickerPink,-0.019482042259475755,0.04308925493960434,0.0429836012979189,0.06688619154933187,14,7,1,9,7.75,7,1,99
RS1,-0.01727170090557677,0.047543323050762254,0.2646240517495065,0.0605219372577601,12,10,5,5,8,8,1,99
RS4yr,-0.0018957924902276684,0.04815778372420565,0.4015944686175674,0.07262742347753463,2,12,9,13,9,9,1,99
PowerSockeye,0.01318696644172799,0.043939737842309014,0.5618466096399678,0.06418843624738799,9,9,12,8,9.5,10,1,99
LLY,0.0014979073206595106,0.052440138919531164,0.6898896504327573,0.06901369169931955,1,14,14,11,10,11,1,99
RickerSalmon_Total,-0.03553873738668979,0.03921781619096476,-0.41689169312977065,0.06766258620721897,16,4,10,10,10,12,1,99
RickerSockeye,0.014146760490375618,0.04767998209010871,0.4941404991369039,0.07343357366126042,11,11,11,14,11.75,13,1,99
RickerEi,0.027088117100121933,0.04897429537001479,0.6053357004473695,0.07358808511447643,15,13,13,15,14,14,1,99
R2C,0.01727499065399284,0.05660645033144265,1.2710612934500594,0.07154013491982521,13,15,20,12,15,15,1,99
RickerPDO,0.04417842617602202,0.06090966327906902,0.9603155146625736,0.09583792244879819,21,16,17,19,18.25,16,1,99
PowerBasicCycAge,0.04346133249919312,0.06361936887689294,1.3028105936800878,0.08844472364353174,19,19,21,17,19,17,1,99
RickerPi,0.039561310715729166,0.06563064103130327,0.7210155446303906,0.10126075121387132,17,21,15,23,19,18,1,99
R1C,0.013624573987326178,0.0700628669981093,1.3431553259166147,0.09533938652946759,10,25,24,18,19.25,19,1,99
PowerBasic,0.044466309202336435,0.06333640641271449,1.3059916341888809,0.08633976687333372,22,18,22,16,19.5,20,1,99
RickerCyc,0.04296515235457948,0.061846687979232366,1.3334182108712895,0.0974465742162223,18,17,23,20,19.5,21,1,99
RickerGOA.SST.Win,0.04625146267651378,0.0642972268743031,1.001285281690788,0.09994913087332101,23,20,19,21,20.75,22,1,99
RickerNPGO.Sum,0.044134072487310515,0.06816826199822791,1.3849517612461006,0.10030014181023601,20,23,25,22,22.5,23,1,99
RickerGOA.SST.Sum,0.05093896402437773,0.06750416263334329,0.9802278515985404,0.11130176284286644,25,22,18,26,22.75,24,1,99
RickerGOA.SST.Ann,0.0578786215961726,0.06973930913575636,0.9546770687872029,0.11987984996750152,28,24,16,28,24,25,1,99
RickerNPGO.Ann,0.047638527497352874,0.0713710321619342,1.4104983510370364,0.10524057894987435,24,26,27,24,25.25,26,1,99
RickerBasic,0.05209448475393006,0.07346510812850393,1.4068170546559349,0.10660308785935865,26,27,26,25,26,27,1,99
RickerNPGO.Win,0.05466638838875056,0.07799770159362049,1.5093856707883682,0.11446859108760508,27,28,28,27,27.5,28,1,99
RickerFRDMean,0.06175382264962673,0.08083086996762831,1.5472275335458139,0.1222224634384301,30,29,30,29,29.5,29,1,99
RickerFRDpeak,0.06105430790212429,0.08201179152609477,1.521666137735971,0.12445031214828768,29,30,29,30,29.5,30,1,99
LarkinBasic,0.08788603694492907,0.09824338027363305,2.0696182249522015,0.14991175617430147,32,31,32,31,31.5,31,1,99
LarkinBasicCycAge,0.08699733806901365,0.0986686336722188,2.058928079826162,0.15260144854317262,31,32,31,32,31.5,32,1,99
RSC,0.1041255325023001,0.11376666327904626,2.5291346386702336,0.17995585074782014,33,33,33,33,33,33,1,99
MRS,0.11462120761466711,0.12333645517903245,2.598284726448888,0.1807019594493604,34,34,34,34,34,34,1,99
RAC,0.22516709784645317,0.23638764528196465,6.108101964331454,0.36143185114907905,35,36,35,36,35.5,35,1,99
TSA,0.23141154364886932,0.23141154364886932,7.240516366126042,0.23813421995203846,36,35,36,35,35.5,36,1,99
RS1,-0.00871156017029592,0.0713626546173025,0.618412038593979,0.08551825535606239,1,1,3,1,1.5,1,2,99
R1C,0.029493897103024743,0.07567502455701537,0.6770948769902446,0.12004143050841654,4,2,4,3,3.25,2,2,99
RickerSalmon_Total,-0.06109995675247279,0.07651091684970328,-0.17905020528436558,0.11393905768125863,6,3,2,2,3.25,3,2,99
RickerPink,-0.012909043657428286,0.1028395216392856,0.17131824397706996,0.14705994587717688,2,7,1,4,3.5,4,2,99
RickerChum,0.05884675640784665,0.09631478410869397,0.9335869565921665,0.15946168757304488,5,4,5,5,4.75,5,2,99
PowerSalmon_Total,0.06224773833173607,0.09742469568901653,1.1461159828617393,0.17410928852289909,7,5,7,7,6.5,6,2,99
PowerPink,0.06954341722557424,0.10178996320036059,1.226943659868591,0.17604402587046056,9,6,8,8,7.75,7,2,99
PowerChum,0.0757718175474171,0.10865810685301257,1.316047852339867,0.19036685693271746,10,8,9,10,9.25,8,2,99
R2C,0.08419823043635806,0.12812418881828488,1.6029651592616407,0.1788351377881026,11,11,11,9,10.5,9,2,99
RS2,0.06929514151120357,0.14639030084552,0.9804500393558079,0.2635010199908496,8,14,6,14,10.5,10,2,99
PowerSockeye,0.08446212532058266,0.10884816426911449,1.4523677816399745,0.19198402794534553,12,9,10,11,10.5,11,2,99
LLY,0.01962439710302474,0.13111263259108794,2.852454269219683,0.16116746757358655,3,12,27,6,12,12,2,99
PowerBasic,0.11061628978326594,0.12684634902637346,1.8361651078360597,0.20439283702540845,13,10,14,13,12.5,13,2,99
PowerBasicCycAge,0.11444060656765172,0.13148994336766123,2.0546377715215005,0.1994536189725129,14,13,15,12,13.5,14,2,99
RickerSockeye,0.1463109144670315,0.1687061728880209,1.6843857727387734,0.317845585827191,15,15,12,15,14.25,15,2,99
RS8yr,0.16279368008986023,0.19318971042312005,1.7811653883489884,0.3835070758212632,16,16,13,16,15.25,16,2,99
RickerFRDMean,0.2573504211871947,0.25898650869138534,2.6350992913537516,0.42481262810903214,20,19,19,18,19,17,2,99
RickerGOA.SST.Win,0.24170257887978475,0.2527794674041159,2.461130401181228,0.4579597909712746,18,18,17,25,19.5,18,2,99
RS4yr,0.17512232828541408,0.24005752571407246,2.1411400699897842,0.5490172061114027,17,17,16,32,20.5,19,2,99
RickerNPGO.Ann,0.25964379885497874,0.2603291792635198,2.7944437434243157,0.4315585902366144,22,20,25,19,21.5,20,2,99
RickerNPGO.Sum,0.2610615042639178,0.2624113378666135,2.7413666234401197,0.4491144434490848,23,22,21,22,22,21,2,99
RickerFRDpeak,0.2664392061682536,0.26761207791336694,2.742795357038048,0.4443193171102717,25,24,22,20,22.75,22,2,99
RickerPDO,0.2575197163554254,0.26226119773083595,2.77047690951678,0.46113350615425575,21,21,24,26,23,23,2,99
RickerEi,0.26132686199424665,0.26579622151441185,2.747619499857199,0.4654657328141789,24,23,23,28,24.5,24,2,99
RickerPi,0.2560695023659026,0.2827147952399108,2.8306053415204495,0.521116389430438,19,27,26,30,25.5,25,2,99
RickerCyc,0.2754832781238549,0.27775450760391773,3.2936750380798347,0.44825217215963553,27,25,32,21,26.25,26,2,99
RickerGOA.SST.Ann,0.26655388091917015,0.28752548841594866,2.655857963412085,0.5396436683373613,26,30,20,31,26.75,27,2,99
RickerNPGO.Win,0.2805639699771618,0.281792350475803,2.90498067087086,0.462973731643327,29,26,28,27,27.5,28,2,99
RickerGOA.SST.Sum,0.2799599533789959,0.30256652479326546,2.626044581021844,0.5780974434041348,28,32,18,33,27.75,29,2,99
LarkinBasic,0.2848362552564582,0.28574219554207014,2.942790609569626,0.4514816853891083,30,29,30,23,28,30,2,99
RickerBasic,0.2849516444632886,0.2853640637471156,2.9300860351817337,0.4929065587923361,31,28,29,29,29.25,31,2,99
LarkinBasicCycAge,0.2965640901394459,0.2965640901394459,3.2564874167815696,0.4540340846745403,32,31,31,24,29.5,32,2,99
TSA,0.4063212919150206,0.4063212919150206,10.758512835544188,0.4210257313698287,34,33,36,17,30,33,2,99
RAC,0.39564508008913596,0.42594774540519115,3.735541824839006,0.7422064412447906,33,34,33,34,33.5,34,2,99
RSC,0.6803555663932475,0.6803555663932475,9.023073064119734,1.0429918380076664,35,35,34,35,34.75,35,2,99
MRS,1.0851910232530833,1.0851910232530833,10.569622387216446,1.618073086381862,36,36,35,36,35.75,36,2,99
PowerSalmon_Total,0.0049974996935112205,0.19843576089577739,1.6500461954062484,0.3634465378349074,2,2,5,6,3.75,1,3,99
RickerSalmon_Total,-0.08920080396934875,0.1893152656207069,0.7482529774031409,0.34932725534738895,14,1,1,4,5,2,3,99
PowerPink,0.007685167036611286,0.2042062009021188,1.6785039709008105,0.36913997085597416,3,3,8,9,5.75,3,3,99
RickerChum,0.0033170692063630366,0.20795305208672954,1.675094426003386,0.3695541002259239,1,5,7,10,5.75,4,3,99
PowerChum,0.012849188739090864,0.20527852171472605,1.8792916326407274,0.36582764434644993,5,4,10,7,6.5,5,3,99
LarkinBasic,0.07044538530179369,0.20865700191452238,1.999391550092387,0.30373268261688374,13,6,12,2,8.25,6,3,99
RS4yr,-0.00959560843260278,0.21178521413537954,1.669255104180026,0.399835901614254,4,7,6,21,9.5,7,3,99
LarkinBasicCycAge,0.09144050233637335,0.21626816302348537,2.1607631614223504,0.2949889298768235,16,8,14,1,9.75,8,3,99
R2C,0.01305157206672329,0.22891489251150263,1.5599732208120685,0.4001330010326199,6,9,4,22,10.25,9,3,99
RickerCyc,0.08977670379689762,0.2459557654946423,2.32630306697418,0.33209610359258285,15,10,16,3,11,10,3,99
RickerPink,-0.0237282713595228,0.2477164398283188,1.176861428617939,0.4165820693071763,9,11,3,27,12.5,11,3,99
R1C,0.02065144706672329,0.28130937017527946,1.1471266477724644,0.4854691706832564,8,18,2,32,15,12,3,99
PowerSockeye,0.09398425506848253,0.26946342327936373,2.674328120480563,0.3719542243040941,18,14,17,11,15,13,3,99
RS2,0.04679958703198648,0.24882981132173465,2.0195672223716143,0.4068841563224987,11,13,13,24,15.25,14,3,99
RS8yr,0.06143254249793969,0.24841984076115434,2.3201518579583458,0.4094615768490839,12,12,15,25,16,15,3,99
RickerEi,0.11438532030038868,0.27139772261475503,2.8655800968693015,0.34949943531334715,22,16,21,5,16,16,3,99
RickerGOA.SST.Ann,0.09256083569386984,0.2695266731196009,2.789673569174709,0.37585603939164186,17,15,20,12,16,17,3,99
RickerGOA.SST.Sum,0.10613561792024227,0.2737952600667266,2.9049289808957113,0.3684018816379982,19,17,22,8,16.5,18,3,99
RickerPi,0.11082987138088161,0.28188177192724295,2.7484003511219757,0.38036586740067685,20,19,19,14,18,19,3,99
RickerSockeye,0.1218665571753872,0.2860694206354722,2.7130752859007417,0.3812495627385444,25,20,18,15,19.5,20,3,99
LLY,0.017309030400056626,0.3793206443242749,1.691230176689466,0.5942642495428574,7,34,9,34,21,21,3,99
RS1,0.03897795169958234,0.3198691426535915,1.8999833455414512,0.520481869745121,10,30,11,33,21,22,3,99
RickerGOA.SST.Win,0.11344157292741795,0.2924753554805946,3.163609621663255,0.3967305948259246,21,21,23,20,21.25,23,3,99
RickerPDO,0.12656512046974103,0.29457471318628053,3.21428781281468,0.38684381115438216,27,22,24,16,22.25,24,3,99
PowerBasic,0.12547918344801712,0.30258791516715494,3.3151638767255935,0.39534176696685497,26,23,26,19,23.5,25,3,99
PowerBasicCycAge,0.1298436326414627,0.3048625327090632,3.295364270303223,0.3938086615867565,28,24,25,18,23.75,26,3,99
RickerFRDMean,0.1502453152408662,0.30506778001732504,3.428664251350114,0.3801431984672375,31,25,29,13,24.5,27,3,99
RickerNPGO.Ann,0.1183581247571797,0.30654833133407605,3.328429073026942,0.41834795274819847,24,26,27,28,26.25,28,3,99
RickerNPGO.Sum,0.11810153536576122,0.3074899428590549,3.3399969904164113,0.41990602792594706,23,27,28,30,27,29,3,99
RickerFRDpeak,0.15538029645730736,0.3121908820311607,3.624549464364281,0.39177187236967387,32,28,32,17,27.25,30,3,99
RickerBasic,0.1458132622052707,0.31926773987672885,3.5117097251132154,0.4054560216967251,30,29,30,23,28,31,3,99
RickerNPGO.Win,0.14481279031404345,0.3225827304481768,3.6039114577897284,0.4187099533421207,29,31,31,29,30,32,3,99
RAC,0.169614342156009,0.3368602540654319,3.801605998388448,0.41174415484255233,33,32,33,26,31,33,3,99
TSA,0.17471884053894993,0.35634885742921557,4.409477902106336,0.43580138831961385,34,33,34,31,33,34,3,99
RSC,0.5313981075316444,0.6133102979817594,6.048001451929193,0.7570283508546914,35,35,35,35,35,35,3,99
MRS,0.5800284843156358,0.6360389782416608,6.212466964253996,0.8227002178942265,36,36,36,36,36,36,3,99
R1C,7.576666692213047e-5,0.003763001506708998,11.505682012335136,0.004643214124112934,1,1,2,2,1.5,1,4,99
PowerSalmon_Total,4.672743495667038e-4,0.003789704334727814,14.031498538303701,0.004596476013827706,4,2,5,1,3,2,4,99
PowerPink,9.544489734349413e-4,0.00392602471550148,15.86158921842957,0.004863036332095303,6,3,6,3,4.5,3,4,99
RickerSalmon_Total,-0.0024113284271671705,0.004021824226263653,8.116247880397266,0.005547088650836646,9,4,1,5,4.75,4,4,99
RickerPink,-0.001271472956591927,0.004264704022407012,13.205052975077388,0.005837224967916914,7,6,3,7,5.75,5,4,99
PowerChum,5.194977891705755e-4,0.0045347719844880145,16.390347297994406,0.005428706438639579,5,8,7,4,6,6,4,99
R2C,0.0015293083335887973,0.004220982368094067,16.943200795299852,0.005974352831173575,8,5,8,8,7.25,7,4,99
RickerChum,7.610386512011384e-5,0.00474463876445928,18.60000097073871,0.006199067254238522,2,9,10,9,7.5,8,4,99
PowerSockeye,0.0037099204430328966,0.004478294699866596,17.625312268398837,0.0058324212634973905,13,7,9,6,8.75,9,4,99
RickerPi,0.003749317067935165,0.005589470499643454,13.427540355997406,0.006689113837222652,14,13,4,10,10.25,10,4,99
RickerCyc,0.003453759988504393,0.005347040029847466,20.601931088661594,0.00675263054416845,11,10,11,11,10.75,11,4,99
RickerSockeye,0.0034858005743712973,0.0054624596669119166,22.11904410292588,0.007357750101918807,12,11,12,12,11.75,12,4,99
RickerGOA.SST.Ann,0.00450703356227275,0.005500671539918602,23.80783497343538,0.007575802433571747,17,12,14,13,14,13,4,99
RickerGOA.SST.Sum,0.004517156022179948,0.005860882489366782,23.877290975784437,0.008000398415995544,19,14,15,14,15.5,14,4,99
LarkinBasicCycAge,0.004313183783743628,0.005924368152277361,25.003059022518276,0.008185228721450324,16,16,16,16,16,15,4,99
RickerPDO,0.004998408852234715,0.006181335617989736,22.170711214774315,0.008090820773829992,20,17,13,15,16.25,16,4,99
RS8yr,0.0031644653531250912,0.006441485825521437,26.943222243397955,0.009537202748365935,10,18,18,20,16.5,17,4,99
RickerEi,0.004310601570059614,0.005907765055330132,28.779723667751867,0.00834417599976,15,15,21,17,17,18,4,99
LLY,1.093500002554635e-4,0.009383675162259483,28.466035369348926,0.011529076213921411,3,29,20,27,19.75,19,4,99
PowerBasicCycAge,0.006136995272920367,0.006704222464025417,27.60178529662998,0.008560556711495651,28,19,19,18,21,20,4,99
LarkinBasic,0.005357812882383167,0.007008976488024011,31.195166055550995,0.009677214407042344,21,21,23,21,21.5,21,4,99
RickerGOA.SST.Win,0.005756959458107392,0.006812403341498102,30.13628447086651,0.00934154726568006,25,20,22,19,21.5,22,4,99
RickerFRDMean,0.006102630304868249,0.007586297197126551,31.20979849846447,0.010389289568125307,27,22,24,23,24,23,4,99
PowerBasic,0.007025850467280347,0.0077087122737073965,33.14037321455712,0.009978802780591246,31,23,26,22,25.5,24,4,99
RS2,0.005577626144307208,0.0103973690303057,26.333659014286795,0.019124720285593956,24,31,17,31,25.75,25,4,99
RickerBasic,0.006459873749496271,0.008029696435549108,31.90977816392909,0.011015012624169306,29,26,25,25,26.25,26,4,99
RickerNPGO.Ann,0.005429469156613735,0.008438996137386216,33.363680505580895,0.011786731147632928,22,28,27,28,26.25,27,4,99
RickerNPGO.Win,0.006059894491630742,0.007884571149071125,35.248231872660476,0.011362690978752601,26,24,30,26,26.5,28,4,99
RickerFRDpeak,0.006477316818192628,0.007998030071397285,34.28304396101816,0.010883308326549613,30,25,28,24,26.75,29,4,99
RickerNPGO.Sum,0.005551890896098988,0.008250128123631092,34.647723689322284,0.011879231486561576,23,27,29,29,27,30,4,99
RS4yr,0.004508801869665605,0.010110163535765859,41.88510365167155,0.016532366678413648,18,30,32,30,27.5,31,4,99
RSC,0.012143713903704856,0.01326907274159432,40.83998955235001,0.020077176890036148,33,32,31,33,32.25,32,4,99
MRS,0.012327772098771199,0.013462098149783443,44.717697166793336,0.01916627639136495,34,33,33,32,33,33,4,99
RS1,0.010850940866473549,0.018263393706445943,46.35297719247939,0.03968780439169871,32,34,34,36,34,34,4,99
RAC,0.029985815476445937,0.029985815476445937,106.69159771231097,0.0379429724815917,35,35,36,35,35.25,35,4,99
TSA,0.030814510557206114,0.030814510557206114,77.94458053136727,0.03170395315153632,36,36,35,34,35.25,36,4,99
LLY,0.003519574709610255,0.011988211572736886,0.9111089754361273,0.016015346592295965,1,1,1,1,1,1,5,99
RickerSalmon_Total,0.00386981824307397,0.016662424200362503,2.417287058664496,0.021842939159773044,2,2,2,6,3,2,5,99
PowerSockeye,0.01177952121877338,0.016801868616784597,2.4857370824014775,0.019719540975784426,5,3,3,3,3.5,3,5,99
PowerSalmon_Total,0.01157320076848733,0.017096807758093396,2.728497413632185,0.020747936762445858,4,4,5,4,4.25,4,5,99
PowerPink,0.012228362743177713,0.017688769520992676,2.7991868842470695,0.021503831342843352,6,6,7,5,6,5,5,99
TSA,0.013744994356289638,0.017352054045423473,3.1080493819130006,0.01880665943397005,8,5,10,2,6.25,6,5,99
RAC,0.013647805265165805,0.01943628236608052,3.1066907363603558,0.024233717509239625,7,7,9,8,7.75,7,5,99
RickerPink,0.011487431546699095,0.023172278918152878,2.988854706427132,0.030086126135444122,3,9,8,14,8.5,8,5,99
PowerChum,0.015552819876447473,0.02021753453832567,3.3355147262187024,0.02369643125830129,10,8,11,7,9,9,5,99
R1C,0.014034991376276921,0.024389205470201455,2.753605589012473,0.030693858014099382,9,12,6,16,10.75,10,5,99
PowerBasicCycAge,0.01896487968289847,0.023222462451167287,3.972611484340464,0.02670382766097705,11,10,13,9,10.75,11,5,99
PowerBasic,0.019993717950039205,0.024196251299158436,4.0399574545018675,0.02784979753629613,13,11,14,10,12,12,5,99
R2C,0.01972599137627692,0.025201124032747185,2.6548652199116645,0.031505085119913984,12,15,4,18,12.25,13,5,99
RickerPi,0.02175427790246424,0.02503249614871179,3.336180113039793,0.028767901140407504,14,13,12,12,12.75,14,5,99
RickerCyc,0.021810470234946523,0.02516937921020135,4.339914714379253,0.028049857467752026,15,14,16,11,14,15,5,99
RickerEi,0.02301416016315616,0.02603792872520488,4.692798821645466,0.02963451440512098,18,16,21,13,17,16,5,99
RickerPDO,0.024490286914398113,0.027054888801231716,4.1201616372114005,0.030741964860243384,23,18,15,17,18.25,17,5,99
RickerGOA.SST.Ann,0.024034491566913865,0.02722426876968048,4.572831026649994,0.03040312231334283,21,20,20,15,19,18,5,99
LarkinBasicCycAge,0.02275021069430046,0.02689082373779826,4.983617817410969,0.03197103383636643,17,17,25,21,20,19,5,99
LarkinBasic,0.023313542483509947,0.02721916126977938,4.929440391942758,0.031809662778430815,19,19,24,19,20.25,20,5,99
RickerChum,0.022440175069328532,0.027768343143931364,4.511313960594911,0.03380045716280426,16,21,19,28,21,21,5,99
RickerGOA.SST.Sum,0.02512016480613637,0.0285386484179941,4.779711759400068,0.03193279835681638,25,22,23,20,22.5,22,5,99
RickerNPGO.Sum,0.023750745370791488,0.02863131742932694,5.003784998036871,0.032799625625617106,20,23,26,23,23,23,5,99
RickerSockeye,0.02492194940284849,0.028971681563748224,4.402781899291855,0.0338921757831388,24,25,17,29,23.75,24,5,99
RickerGOA.SST.Win,0.026209627849310413,0.029107302417867614,4.768701426720967,0.03216727842306026,26,26,22,22,24,25,5,99
RickerNPGO.Ann,0.024239804150041153,0.02873310868567275,5.011956489605401,0.03346851752414546,22,24,27,25,24.5,26,5,99
RickerFRDpeak,0.026642762998028407,0.029633629958848422,5.185506193915163,0.03287207177400292,29,27,29,24,27.25,27,5,99
RickerBasic,0.02632134715193829,0.029774579264087636,5.1959791796579555,0.03364886214239382,28,28,30,26,28,28,5,99
RS1,0.03949830071109329,0.04741568819344344,4.472042071553239,0.08262611329563867,31,31,18,34,28.5,29,5,99
RickerFRDMean,0.02761040422910394,0.030442554063400438,5.096878600349356,0.033656947529707354,30,30,28,27,28.75,30,5,99
RickerNPGO.Win,0.026308585938011997,0.030174828965133228,5.317937546362129,0.03529626781141334,27,29,31,30,29.25,31,5,99
RS2,0.051799521481333634,0.05528585291567789,5.648728400727467,0.08243999317563148,32,32,32,33,32.25,32,5,99
RSC,0.05658121238604424,0.059108594583896355,10.144101110796614,0.07021092045293816,33,34,36,31,33.5,33,5,99
MRS,0.057348774291756464,0.05897948718027745,9.989406326394755,0.07133082403330555,35,33,35,32,33.75,34,5,99
RS4yr,0.057015159186195596,0.06336436696054105,6.915801897678009,0.10473090293062459,34,36,33,36,34.75,35,5,99
RS8yr,0.05990651526205578,0.060513850007243734,6.967749000206261,0.08324574162335086,36,35,34,35,35,36,5,99
PowerPink,-0.030431648453950248,0.34333097208319946,3.0155835422755217,0.6538811781017811,2,1,6,1,2.5,1,6,99
PowerSalmon_Total,-0.060007412829319845,0.34944760268040564,2.5288800185859004,0.6617803741123203,5,2,3,2,3,2,6,99
RickerPink,-0.1038140851504475,0.36399412534707737,2.351587446515733,0.6812163894866788,9,3,2,3,4.25,3,6,99
RickerChum,-0.03918247755430959,0.4309120880625302,2.9922352397475582,0.7667935294742585,3,6,5,5,4.75,4,6,99
PowerChum,-0.07219314810238252,0.40642775185188046,2.809919541228495,0.7694502693439931,6,5,4,7,5.5,5,6,99
RickerSalmon_Total,-0.25213239935416215,0.398383908865688,1.269662852179894,0.7345381121719912,16,4,1,4,6.25,6,6,99
PowerSockeye,0.11927564699161249,0.4661367919318957,4.807402473632674,0.8190272657515856,10,7,7,9,8.25,7,6,99
RickerEi,0.20434010857755205,0.4913816412148821,6.3513242887135215,0.7684225688127309,14,10,10,6,10,8,6,99
RickerSockeye,0.23466697077182574,0.4886320228948941,5.415997557435495,0.8457343767029357,15,8,8,10,10.25,9,6,99
RS2,0.07623253071452092,0.5117837447832769,7.352342019852237,0.8726185850234164,7,12,15,11,11.25,10,6,99
PowerBasic,0.20028190729809356,0.4901158215685204,6.418564885439497,0.8742046488306013,13,9,12,12,11.5,11,6,99
PowerBasicCycAge,0.29434623048040703,0.5712269528735882,6.361949695593931,0.942936567271529,17,14,11,15,14.25,12,6,99
RS4yr,-0.04059260228687695,0.5108943619173811,9.049021908259471,0.8937611627606533,4,11,31,13,14.75,13,6,99
R1C,0.18065642163363124,0.5168799504981426,5.724334933331085,1.1306445064946447,11,13,9,28,15.25,14,6,99
LarkinBasic,0.4868420518584026,0.577411221470751,7.365214479691706,0.7967460958897999,28,15,16,8,16.75,15,6,99
RickerFRDMean,0.40343806743134064,0.624490735772089,8.002928586454464,0.901107210155607,19,18,21,14,18,16,6,99
RickerNPGO.Sum,0.4182671229855674,0.6525357685778423,7.555341214621997,0.958146373178969,20,20,18,16,18.5,17,6,99
RickerPDO,0.4378227303074045,0.5777380493680012,7.43315915154158,1.027842286054254,22,16,17,20,18.75,18,6,99
RS8yr,0.088597309147554,0.5993556166382729,8.970684272906933,1.0512213974538345,8,17,30,23,19.5,19,6,99
RS1,0.1818652890915395,0.6331898193888724,10.316416574982446,1.0454629862189715,12,19,33,22,21.5,20,6,99
RickerFRDpeak,0.45170700405149633,0.6585005668522846,8.599351333639937,0.9649690868641236,23,22,28,18,22.75,21,6,99
RickerNPGO.Ann,0.4703306633208892,0.6865182187063709,8.065555847854604,1.0443740242542512,25,24,22,21,23,22,6,99
RickerGOA.SST.Sum,0.4700975925613326,0.653704224746786,7.785115669655172,1.161304960975138,24,21,20,30,23.75,23,6,99
RickerPi,0.42091290175606333,0.70238700356612,7.246893532991316,1.2169114782718016,21,28,14,32,23.75,24,6,99
RickerNPGO.Win,0.4807261088559404,0.6883605338595303,7.767479125456373,1.0870405886000511,26,25,19,26,24,25,6,99
RickerBasic,0.4943163732320957,0.6898225104350257,8.110774655736328,1.0579733880413937,30,26,23,24,25.75,26,6,99
LLY,0.005512504966964541,0.8708641206346437,18.962371105117846,1.285877084496453,1,33,38,33,26.25,27,6,99
LarkinBasicCycAge,0.6794606669183682,0.756140138367655,8.113168308347474,1.0192510765678984,36,30,24,19,27.25,28,6,99
RickerQue_fry_len,0.4033870087849894,0.7943499493742244,180.07086946976642,0.9620278598996131,18,31,44,17,27.5,29,6,99
RickerGOA.SST.Win,0.5284491007205615,0.7022153932275698,8.449332245080786,1.1332010243873083,31,27,26,29,28.25,30,6,99
PowerJuvEi,0.5653530892564973,0.6728356203709293,10.302601310220023,1.0884111106391074,33,23,32,27,28.75,31,6,99
RickerGOA.SST.Ann,0.5407620830757518,0.7252231699576851,8.56900328976585,1.3149618600721307,32,29,27,34,30.5,32,6,99
PowerJuvFRDpeak,0.7725038555672712,1.1286665852961402,7.119927344011769,1.995519179421842,37,38,13,40,32,33,6,99
RickerQue_fry_wt,0.4848882896254398,0.8519070669757807,191.3089855610456,1.05886676642204,27,32,45,25,32.25,34,6,99
PowerJuvPi,0.574723206602544,0.8813024292546077,8.861332814530805,1.3607295419514265,34,34,29,35,33,35,6,99
R2C,0.4886403383002979,0.894177037243513,13.43564288392376,1.4551182824918971,29,35,36,36,34,36,6,99
RickerCyc,0.8163432500333792,0.946695342966339,8.126014917423962,1.5328610672095515,40,36,25,37,34.5,37,6,99
PowerJuv,0.8064364443350662,1.0329749961518742,11.22153856648041,1.5815986522709324,39,37,34,38,37,38,6,99
RAC,0.7999387379034726,1.2111913493466877,11.770535087082372,1.9520326108467743,38,40,35,39,38,39,6,99
RJ1,0.6341583500706082,1.2356514194567765,16.458468041710194,2.1332509211860353,35,41,37,41,38.5,40,6,99
TSA,0.8275787405611187,1.1631508393930987,219.9303905465001,1.1754073484970686,41,39,46,31,39.25,41,6,99
RJ2,1.3829887742488518,1.7197497383703007,23.787559484840603,3.4177774188396834,42,42,39,45,42,42,6,99
MRS,1.8997283598080354,1.948843367448477,42.5807946921337,3.0996933780607807,43,43,41,43,42.5,43,6,99
RSC,2.038809275002946,2.038809275002946,48.33453107987714,3.0788015384172973,44,44,42,42,43,44,6,99
MRJ,2.494510198528985,2.494510198528985,76.53836456365167,3.3964330972040147,45,45,43,44,44.25,45,6,99
RJC,3.6407750190443924,3.6407750190443924,33.36427496943673,4.825873328444241,46,46,40,46,44.5,46,6,99
LarkinBasicCycAge,-0.18079659102392534,0.7016897216176337,0.7868378391815297,1.0192229329703306,24,1,3,2,7.5,1,7,99
PowerPink,0.0510004410641973,0.8416826418114381,1.2937437762314514,1.1349400380498,11,6,8,6,7.75,2,7,99
LarkinBasic,-0.1675399380301522,0.7116254419427178,0.8512321899130543,1.0328293092821268,23,2,4,3,8,3,7,99
RickerCyc,0.12133577963899038,0.7591315347384188,1.3401640357864857,0.9485752585562904,19,3,9,1,8,4,7,99
RickerGOA.SST.Ann,-0.06971813586864789,0.832773785826458,1.4199141932843196,1.082809219817515,16,5,11,4,9,5,7,99
RickerPDO,-2.1028618679418595e-4,0.9202713005193227,1.793994015294438,1.1552081309515358,1,13,16,9,9.75,6,7,99
PowerSalmon_Total,0.07453828000332995,0.8429421745663515,1.3596619751098242,1.136467532464834,17,7,10,7,10.25,7,7,99
R2C,-0.032052542738432416,0.8060276720601282,0.9957122375343251,1.2797725639075817,8,4,6,25,10.75,8,7,99
RickerGOA.SST.Sum,-0.11067272079525785,0.8573361094247365,1.551805777124475,1.1232397393424831,18,8,14,5,11.25,9,7,99
RickerGOA.SST.Win,-0.0011156718900881175,0.9437832401014976,1.8188227631202316,1.2093777163750867,2,15,17,13,11.75,10,7,99
RickerPink,-0.1843808841511078,0.8993350338955857,0.7860912534294034,1.1574129782261795,25,10,2,10,11.75,11,7,99
RickerPi,-0.05882918443718424,0.9119652070223586,1.542686667702344,1.1806919169457772,14,12,13,11,12.5,12,7,99
PowerChum,0.13600747083066578,0.8606366382841116,1.6677746772603157,1.152600163327614,20,9,15,8,13,13,7,99
RickerChum,-0.04215037861365776,0.9463369687343096,1.4329980749602014,1.2275337673198607,10,16,12,15,13.25,14,7,99
RickerNPGO.Sum,0.0029213523287118515,0.9501719653808928,1.8473128565629162,1.2323173220043322,4,17,18,17,14,15,7,99
RickerFRDpeak,0.022226467906228602,0.9549953931625907,1.9026374810570212,1.241049378633444,5,19,21,19,16,16,7,99
RickerNPGO.Ann,0.002563517449923771,0.9810323909692552,1.8939697732777752,1.2703875207842594,3,24,19,24,17.5,17,7,99
R1C,0.05885095726156763,1.0079490498149364,0.9365967630851318,1.3060374820097873,15,28,5,26,18.5,18,7,99
RickerFRDMean,0.05450644308288349,0.9668504179414287,2.015780419974604,1.239285778471895,13,21,23,18,18.75,19,7,99
RickerNPGO.Win,0.02692774562762699,0.9883454020473786,1.9865884566771574,1.2585824171965878,6,26,22,22,19,20,7,99
RickerSalmon_Total,-0.3290655366408431,0.9325963442388607,0.5660727181459463,1.4480322811580153,29,14,1,33,19.25,21,7,99
RickerEi,0.03908711030751986,0.9811113629965397,2.03105439124493,1.2478614645473312,9,25,24,21,19.75,22,7,99
RickerBasic,0.052042742956796055,0.9802972954503669,2.1021839424837467,1.244922532833843,12,23,26,20,20.25,23,7,99
PowerBasicCycAge,0.2851330744589622,0.9510710065902357,2.1052506564436424,1.200713795787347,27,18,27,12,21,24,7,99
LLY,0.029391207261567645,1.337843332082812,1.1565444877586493,1.7780955746133431,7,37,7,36,21.75,25,7,99
PowerBasic,0.3041980232662565,0.9640892594399041,2.2003397524921517,1.2126026042201787,28,20,29,14,22.75,26,7,99
PowerSockeye,0.3304751720460036,0.9781525882275669,2.1437387080193364,1.2293024674614534,30,22,28,16,24,27,7,99
TSA,0.1548867745046601,1.0060471026506534,2.921340730319485,1.2609712638979864,22,27,34,23,26.5,28,7,99
RJ1,0.5879959607598322,0.9050042831237584,2.9179186173105474,1.411536861599177,34,11,33,30,27,29,7,99
RAC,0.1443765836504566,1.0675139349653322,3.172620773000934,1.3421423250077764,21,29,35,27,28,30,7,99
RS8yr,0.20138648716505272,1.1149525962216298,1.8978324717443273,1.4514312316611222,26,32,20,34,28,31,7,99
RickerSockeye,0.41894910792298273,1.1106457101924012,2.212447471378353,1.4340909769756138,32,31,30,32,31.25,32,7,99
PowerJuvPi,0.8987218551746357,1.0697063595139105,3.3351857735065944,1.3615916986499124,36,30,36,28,32.5,33,7,99
RS2,0.5167007460504575,1.5241090379252225,2.094461041449088,2.2187691045579845,33,39,25,39,34,34,7,99
PowerJuvFRDpeak,0.861088743783711,1.158230926241562,3.480604922996328,1.3828464526769166,35,36,37,29,34.25,35,7,99
RS4yr,0.41177721288017577,1.5148137147868777,2.6221672127573603,1.9494831035352034,31,38,32,38,34.75,36,7,99
PowerJuvEi,0.9369245654839421,1.1499789336909148,3.783495481776257,1.4316482132240427,37,34,39,31,35.25,37,7,99
PowerJuv,0.9690300833116848,1.1475080060117688,3.898264628076438,1.4641857788700265,39,33,40,35,36.75,38,7,99
RJ2,1.072890628265697,1.153495827876807,3.555089345868404,1.8120032561211261,40,35,38,37,37.5,39,7,99
RS1,0.9639953907120479,2.085587614992499,2.4894794476410205,3.449203402559912,38,40,31,42,37.75,40,7,99
MRJ,2.4566580653331167,2.4566580653331167,7.067263781847989,3.104736754018983,41,41,44,40,41.5,41,7,99
RJC,2.519609590304282,2.519609590304282,6.842422781407616,3.1465740420628903,42,42,43,41,42,42,7,99
MRS,2.7072722552022603,3.0106080957490917,5.6283679154933415,4.038849102904093,43,43,42,43,42.75,43,7,99
RSC,2.982359094020088,3.20886685414588,5.597422541935096,4.518989524312278,44,44,41,44,43.25,44,7,99
RickerPi,0.009079478606696131,0.10125213144354783,1.8910695160311664,0.16672484857361497,2,14,6,2,6,1,8,99
RickerGOA.SST.Ann,-0.022790368507873932,0.0778749662285569,2.5432044850675086,0.13711495360555936,15,3,13,1,8,2,8,99
RickerCyc,-0.01719369108889164,0.08934811319776559,3.802586305483802,0.176293246683186,8,5,19,4,9,3,8,99
LarkinBasic,-0.04407624500661395,0.06373949870939309,1.76802915963522,0.18178872656720335,27,1,4,6,9.5,4,8,99
LarkinBasicCycAge,-0.03420937137919987,0.06921160645819384,2.3946175654731627,0.17530612337940676,24,2,12,3,10.25,5,8,99
RickerNPGO.Sum,-0.01942914365530528,0.0921639171059928,3.9223186876966047,0.1844089609622657,9,7,21,7,11,6,8,99
RickerNPGO.Ann,-0.023121364494641247,0.08890463403450923,3.805437769452997,0.18570193306691093,17,4,20,9,12.5,7,8,99
RickerFRDpeak,-0.013974501398236664,0.09942158877929197,4.3992994725174155,0.1856540512456884,6,12,25,8,12.75,8,8,99
RickerGOA.SST.Sum,-0.035018357004032455,0.09083924007886386,2.7729552807917717,0.17655488715210962,25,6,15,5,12.75,9,8,99
RickerFRDMean,-0.020587493685560187,0.09418040070160887,4.154230682486761,0.20293289149735708,11,8,22,12,13.25,10,8,99
RickerGOA.SST.Win,-0.026955127286584998,0.09663247805766799,3.299134751651369,0.18798818306668544,18,10,17,10,13.75,11,8,99
RickerPDO,-0.0230178618967541,0.09985707256079361,2.839978033927648,0.1901712880550053,16,13,16,11,14,12,8,99
R1C,0.01710960548716287,0.12998916962831397,1.8083718372785054,0.28132454938220586,7,22,5,24,14.5,13,8,99
RickerBasic,-0.022705832196742052,0.09446127669250302,4.239652078016253,0.2052889379490219,14,9,24,13,15,14,8,99
RickerNPGO.Win,-0.022619368051431093,0.09917441657640824,4.186606310979712,0.21503361222443662,13,11,23,15,15.5,15,8,99
RickerEi,-0.030066179682131395,0.10847391392234597,2.61672115127134,0.21098126189551558,21,16,14,14,16.25,16,8,99
PowerSalmon_Total,-0.02924757712429379,0.13159015207535227,1.6587750612281633,0.2708183070513079,20,23,3,21,16.75,17,8,99
PowerPink,-0.02709714040671005,0.1287597035153352,1.9189441788784531,0.2673916135413987,19,21,9,19,17,18,8,99
RickerSockeye,-0.03261126203036071,0.11860545274159544,1.9078077675853693,0.23984550875526423,23,20,7,18,17,19,8,99
RickerSalmon_Total,-0.0915691003110936,0.10629156080383577,0.5101672593725389,0.2776443118205297,30,15,1,23,17.25,20,8,99
RickerChum,-0.04523241387390393,0.11338362068186125,1.9087427250511526,0.238846345668382,28,17,8,17,17.5,21,8,99
RAC,-0.011775642578313294,0.11764799113695225,12.10304165971557,0.2306843382083633,4,19,32,16,17.75,22,8,99
PowerSockeye,0.012539907805761955,0.16414739878398657,2.2522289327693494,0.3305563915495871,5,27,11,29,18,23,8,99
R2C,0.02033498048716287,0.14352686023417446,3.489061861406274,0.27065788007349295,10,25,18,20,18.25,24,8,99
RickerPink,-0.06917724688752926,0.11742107701153959,0.9320290429218807,0.28796225017471244,29,18,2,25,18.5,25,8,99
PowerChum,-0.032366607072129676,0.13453755493159372,2.0616862869707338,0.27508620723705657,22,24,10,22,19.5,26,8,99
PowerBasic,0.02243256270380471,0.15433685084645796,4.60119633749011,0.30955050909204973,12,26,26,27,22.75,27,8,99
TSA,-0.011190112009998135,0.19584400619970907,37.34873088811889,0.29587472429597694,3,29,36,26,23.5,28,8,99
LLY,5.423554871628724e-4,0.2766692295872899,16.342496184127388,0.4560618968755305,1,31,35,30,24.25,29,8,99
PowerBasicCycAge,0.03787127193350678,0.16545353526591577,5.512912524679316,0.3204817134843514,26,28,27,28,27.25,30,8,99
RS8yr,0.12685675135921534,0.25861741162910695,7.225074656332122,0.5576401930447894,31,30,29,31,30.25,31,8,99
RS4yr,0.15791430062361975,0.2805634482215469,7.110861643826635,0.6350639904963036,32,32,28,32,31,32,8,99
RS1,0.2815709016512387,0.3228180067228869,8.067874743610412,0.7182044972742194,33,33,30,33,32.25,33,8,99
RS2,0.3155195524517457,0.3849454286917143,8.171891466196081,0.9311594731176365,34,34,31,34,33.25,34,8,99
MRS,0.34233986588222404,0.3991134181058749,12.871447638066362,0.9617213460903316,35,35,33,35,34.5,35,8,99
RSC,0.4708753168869526,0.4941715078142945,14.404378395519773,1.248050806437404,36,36,34,36,35.5,36,8,99
RickerGOA.SST.Ann,-0.1425250640046821,1.4610329435239013,6.647297404831106,2.9393697624299193,5,9,9,3,6.5,1,9,99
RickerPi,0.00959433503040051,1.4402046241718371,8.494448657117253,2.776253204764949,2,6,16,2,6.5,2,9,99
RickerGOA.SST.Win,-0.392608445451496,1.3318706725843685,7.915211170757883,2.7683367747241916,20,2,14,1,9.25,3,9,99
RickerNPGO.Ann,-0.1042472801315328,1.4579960031906198,9.13046659281557,3.1558228514839177,3,7,21,8,9.75,4,9,99
RickerNPGO.Sum,-0.18542520482997027,1.373508500342826,8.811631852504094,3.114365351046142,8,5,19,7,9.75,5,9,99
RickerFRDpeak,-0.331087138167605,1.3349151246392559,8.803748730530506,3.0265709819772364,15,3,18,5,10.25,6,9,99
LarkinBasic,-0.6858232977409368,1.4605934915218413,4.758028814291195,3.2225952248731513,25,8,3,11,11.75,7,9,99
RickerGOA.SST.Sum,-0.2243611818066185,1.6276419646957159,5.916278854681734,3.36441401080458,9,21,5,15,12.5,8,9,99
RickerCyc,-0.34395400161285744,1.3595844461585385,16.558539192246823,3.070635930115221,19,4,25,6,13.5,9,9,99
RickerNPGO.Win,-0.17562276784299938,1.5417230998191618,8.585482309223087,3.2954443639040605,7,19,17,12,13.75,10,9,99
RickerSockeye,-1.0302676888932727,1.2218981481486257,6.275125399411652,3.620803731999661,28,1,7,19,13.75,11,9,99
RickerFRDMean,-0.3343175601128283,1.4659886499046078,8.335378336774694,3.3069935149516967,17,11,15,13,14,12,9,99
RickerPDO,-0.14766590492321754,1.6622969317158385,7.752120079155277,3.528149334537267,6,23,13,16,14.5,13,9,99
PowerSalmon_Total,-0.5770637571218633,1.469014706514214,6.374156063784287,3.619767290055883,24,12,8,18,15.5,14,9,99
LarkinBasicCycAge,-0.5522618228670367,1.4630833590512238,12.8249881475156,3.158239014278832,23,10,23,9,16.25,15,9,99
RickerBasic,-0.3427138640472504,1.4995601119408006,8.86639339904889,3.357548050540122,18,15,20,14,16.75,16,9,99
RickerEi,-0.33204850415399084,1.6720547962347447,6.728766820357411,3.528778967411197,16,24,10,17,16.75,17,9,99
RAC,-0.31193845136205917,1.5197089013952514,65.74424519730928,3.1872153279298,14,17,28,10,17.25,18,9,99
PowerChum,-0.8434270059750585,1.4937430152400724,6.1179158151643795,3.728217452226138,26,14,6,25,17.75,19,9,99
PowerPink,-0.4473328622244688,1.5275438273098325,7.0728788443193435,3.673967106471733,21,18,11,22,18,20,9,99
RickerPink,-1.3367564316183804,1.4797852024217562,4.680764516801982,3.8471843910754586,31,13,2,26,18,21,9,99
PowerBasic,-0.2294431193641557,1.6428760782493705,9.473042939003962,3.6537346444172165,10,22,22,21,18.75,22,9,99
PowerBasicCycAge,-0.13429789662514274,1.6740062482024836,19.89728543194843,3.6296347972393783,4,25,27,20,19,23,9,99
PowerSockeye,-0.5026497533120665,1.572037312622917,7.693682155723487,3.6956656148147684,22,20,12,24,19.5,24,9,99
RickerChum,-1.3780957346258476,1.5105228870659613,5.3449217871562515,3.942045653494121,32,16,4,27,19.75,25,9,99
R2C,0.24357643068159193,1.9836216985852468,18.815478407785044,3.987368159871695,11,28,26,28,23.25,26,9,99
R1C,0.27079276401492514,2.0268488827683484,13.533913661338415,4.067046807308817,12,29,24,29,23.5,27,9,99
RS4yr,1.6317634329837214,1.6763742459018276,287.24558296043364,2.969670007997024,33,26,34,4,24.25,28,9,99
RickerSalmon_Total,-2.1473374593034626,2.234857011368429,3.244086226817442,5.173678197485497,34,30,1,33,24.5,29,9,99
LLY,0.0010101806815919804,4.9618993994187575,404.816687641603,7.904251792613644,1,36,35,34,26.5,30,9,99
RS1,0.8827557791826458,1.7922509228398245,93.49903555082624,3.6847424088982583,27,27,30,23,26.75,31,9,99
TSA,-0.3033690707538173,3.5013040236605675,4647.979217560122,5.057299668308305,13,34,36,32,28.75,32,9,99
RS2,1.062047851436537,2.541510268517635,81.80849021651869,4.604445226840648,29,31,29,30,29.75,33,9,99
RSC,1.1891493605371781,2.6552994295417904,197.49657596772056,4.807286875728234,30,32,31,31,31,34,9,99
RS8yr,3.1833240549700395,3.3746172299693584,230.3469150191652,9.137939926399826,35,33,33,36,34.25,35,9,99
MRS,3.2539489439335956,3.8187142375994885,212.40553146298717,8.28325577635457,36,35,32,35,34.5,36,9,99
RickerSalmon_Total,-0.026896734856076614,0.05867905883468109,1.4403400867786844,0.08414689989778494,3,1,2,5,2.75,1,10,99
RickerPink,0.01912901653743392,0.06421799327056049,1.867742310350069,0.08360905970657954,2,3,3,4,3,2,10,99
LLY,0.00358188161638903,0.060587855550356895,0.8242908753266082,0.1074731044405317,1,2,1,9,3.25,3,10,99
PowerSalmon_Total,0.0478416195982611,0.06550718663762577,2.9130016074810197,0.07729050852712017,4,4,5,1,3.5,4,10,99
PowerPink,0.04799717134307804,0.06879969246497655,3.17256169182798,0.08117634726178276,5,6,8,2,5.25,5,10,99
RickerChum,0.0650223241050619,0.06768090791200161,3.0759033327476986,0.08685060841173389,8,5,6,6,6.25,6,10,99
PowerChum,0.05725888206002302,0.07421602049471686,3.476595362108078,0.08287601175999679,6,8,9,3,6.5,7,10,99
RS2,0.06825381872289117,0.06937136393441762,3.088475533670726,0.08961384569939877,9,7,7,7,7.5,8,10,99
RS1,0.06037382738782874,0.0854742182766108,3.5709263331837815,0.10512261117141013,7,9,10,8,8.5,9,10,99
R1C,0.07081363161638903,0.1219912143213842,2.5876786134026517,0.15619427954617418,10,12,4,13,9.75,10,10,99
RS8yr,0.09318989407717153,0.11315833605211074,4.514619032425298,0.1420763565107603,12,11,13,10,11.5,11,10,99
R2C,0.09292167328305569,0.1093082158682712,5.879301274290153,0.14538806435962004,11,10,16,12,12.25,12,10,99
PowerSockeye,0.1295229041352877,0.1295229041352877,5.1897864493464745,0.14489976333956558,14,13,14,11,13,13,10,99
RS4yr,0.11635070600438446,0.1344293291526358,3.8349342806102413,0.1859244822728705,13,14,11,18,14,14,10,99
RickerEi,0.15211136564114203,0.15211136564114203,6.410812764957899,0.18226354109480986,15,15,17,16,15.75,15,10,99
RickerPi,0.1613265813152942,0.1613265813152942,4.242790606898415,0.18444777104461674,18,18,12,17,16.25,16,10,99
PowerBasic,0.15502249671469387,0.1562589311638614,7.711686627452647,0.17007016370227582,17,16,23,15,17.75,17,10,99
PowerBasicCycAge,0.1540291001538268,0.15644431817439644,7.773781320833702,0.169471788044903,16,17,24,14,17.75,18,10,99
RickerGOA.SST.Sum,0.1691251176201356,0.1691251176201356,6.483588137750606,0.18866216456876553,19,19,18,19,18.75,19,10,99
RickerPDO,0.17285268051065447,0.17285268051065447,6.5136589190283525,0.1931634109737199,20,20,19,21,20,20,10,99
RickerGOA.SST.Ann,0.17410914026964205,0.17410914026964205,6.876796677876853,0.19214264127918873,21,21,20,20,20.5,21,10,99
RickerSockeye,0.1794523844618033,0.1794523844618033,5.236757441370694,0.21313893902869294,24,24,15,29,23,22,10,99
RickerFRDMean,0.1750708744870112,0.1750708744870112,8.236921138264881,0.19368797352234868,22,22,28,22,23.5,23,10,99
RickerFRDpeak,0.17896813405345144,0.17896813405345144,8.794300808318544,0.19466040930440817,23,23,30,23,24.75,24,10,99
RickerNPGO.Ann,0.18708175324447085,0.18708175324447085,7.547916403238268,0.20178922489691156,27,27,22,25,25.25,25,10,99
RickerBasic,0.18075198337474851,0.18075198337474851,8.579429377899357,0.19961499121053108,25,25,29,24,25.75,26,10,99
RickerNPGO.Win,0.18324150874915393,0.18324150874915393,8.213965756572685,0.202529394117448,26,26,26,26,26,27,10,99
RickerGOA.SST.Win,0.18834199026651863,0.18834199026651863,7.923441381529007,0.21130946839908746,28,28,25,28,27.25,28,10,99
RickerNPGO.Sum,0.19250123788807852,0.19250123788807852,8.227425574017492,0.2095373737496849,30,29,27,27,28.25,29,10,99
RickerCyc,0.19415821601455122,0.19415821601455122,7.392894321295078,0.22112374551856676,32,32,21,32,29.25,30,10,99
LarkinBasicCycAge,0.19197019954536296,0.19258045013465763,9.885658104924225,0.21548108772470373,29,30,32,30,30.25,31,10,99
LarkinBasic,0.19360667090189687,0.19360667090189687,9.720603164913811,0.21867506789087687,31,31,31,31,31,32,10,99
RAC,0.23540787596162704,0.23683795496474055,11.998499305873827,0.2578989650850827,33,33,33,33,33,33,10,99
TSA,0.24016456023264363,0.2424077002747181,12.57804280649921,0.26149099217202604,34,34,34,34,34,34,10,99
RSC,0.5212970325509084,0.5212970325509084,14.418071888567498,0.5995624891004185,35,35,36,35,35.25,35,10,99
MRS,0.528867635908064,0.528867635908064,14.07375351862092,0.6399063916858279,36,36,35,36,35.75,36,10,99
PowerJuvSalmon_Total,3.5845772991533744e-5,0.00229493244943514,1.3881905902267853,0.003182027629405006,1,2,3,2,2,1,11,99
RJ1,4.26328430691661e-5,0.0021375089314301723,1.5036823506561303,0.0031957544089965275,2,1,4,3,2.5,2,11,99
PowerJuvPink,5.092309095961051e-4,0.002350315818479123,1.5598376305458481,0.003085112558280157,4,3,5,1,3.25,3,11,99
PowerJuvSockeye,0.001136275245882269,0.0027647766676747146,1.7501031004931942,0.0033785705435751268,5,6,7,6,6,4,11,99
PowerJuvChum,-0.0012657456997379813,0.003091861329788365,1.2982227073364243,0.004617939541665183,6,9,2,9,6.5,5,11,99
PowerJuvEi,0.0015098375245841753,0.0026679551109900584,1.9747398781400916,0.0032910220203778325,9,4,9,4,6.5,6,11,99
PowerJuvPi,0.0016489888587266225,0.0027221164511285704,1.6456108361347965,0.003433790466534337,10,5,6,8,7.25,7,11,99
PowerJuvFRDpeak,0.0017338132430382654,0.002889135569122315,2.0861402510826017,0.0034216598000001565,11,7,10,7,8.75,8,11,99
PowerJuv,0.0017583493478461063,0.0028968306789839064,2.105651445815872,0.0033697266081197295,12,8,11,5,9,9,11,99
RJ2,0.0014478550190202568,0.0032714662877593504,2.8153263631756014,0.005083331224308672,8,10,12,10,10,10,11,99
MRS,-0.001336028070605359,0.007442112505975028,1.8929423098991518,0.010475785476807276,7,13,8,13,10.25,11,11,99
RSC,-1.2478825686188804e-4,0.009116985292715905,3.12410873844885,0.01412826928458406,3,14,13,15,11.25,12,11,99
RS2,-0.009699709488428488,0.009699709488428488,-0.6514752549962785,0.01348975035836163,17,15,1,14,11.75,13,11,99
MRJ,0.005425197377188339,0.005425197377188339,4.274963358348597,0.006347926098225732,16,12,14,11,13.25,14,11,99
RJC,0.00473090515420695,0.0051791371035664,4.541913468856381,0.0065967463718424185,15,11,16,12,13.5,15,11,99
RS8yr,0.001898047164191245,0.011739479098087126,4.539506609956232,0.020598966684112475,13,16,15,16,15,16,11,99
RS4yr,0.0032856760395950048,0.014123633695383584,5.864253134853563,0.026554291664143363,14,17,17,17,16.25,17,11,99
RS1,0.03913954784769746,0.048333491345455844,31.094044043590866,0.08453343981606798,18,18,18,18,18,18,11,99
PowerPink,-0.0017526735471174056,0.020285203968810794,10.094666638591088,0.03311994839427878,7,3,7,2,4.75,1,12,99
PowerSalmon_Total,-0.0014867421510716414,0.02145534830852451,10.734769678512349,0.03473085483526742,4,5,10,4,5.75,2,12,99
RickerSalmon_Total,-0.009577539623293883,0.015967649381322297,6.502544759062823,0.02971189920435425,26,1,2,1,7.5,3,12,99
PowerChum,4.527151406502499e-4,0.023336425987185588,13.732160718000545,0.03678088749009673,2,11,13,6,8,4,12,99
RickerChum,0.0015350176407502962,0.023404296296418672,10.24670765588453,0.03854907520190201,5,14,8,14,10.25,5,12,99
RickerEi,-0.0064628144653281795,0.020536704911976327,13.949439142673768,0.03392121397064851,21,4,15,3,10.75,6,12,99
RickerPink,-0.011424941135050574,0.018974551978518935,7.394791377966613,0.037099528608708444,30,2,4,8,11,7,12,99
RickerPi,-0.005406382964523459,0.022825233268588384,14.469711367879038,0.03483811342049318,20,9,18,5,13,8,12,99
LarkinBasic,0.009551422592636633,0.02233491013344605,12.0670867585548,0.03820314826790067,25,7,11,12,13.75,9,12,99
RickerCyc,0.010451723029504435,0.022197046101350454,13.89173542700726,0.03709546178435827,28,6,14,7,13.75,10,12,99
LarkinBasicCycAge,0.00971835632510014,0.022634582540588154,10.518788940350827,0.03905225561891551,27,8,9,15,14.75,11,12,99
RickerPDO,-0.004090978566452539,0.02307923516808172,17.520863743532704,0.03719055657217084,16,10,24,9,14.75,12,12,99
RickerBasic,-0.0025611746908967225,0.023364512878894263,16.89655464464605,0.04029955971524133,11,12,22,19,16,13,12,99
RickerFRDpeak,-0.0014558950793141015,0.024019728479323755,17.78126915726559,0.03985520639617274,3,19,25,17,16,14,12,99
RickerFRDMean,-0.001842101649290929,0.023367556023317557,17.85414813677278,0.04008769562347731,8,13,26,18,16.25,15,12,99
R2C,-0.0037535602315554666,0.024127322949779335,7.733552558134209,0.04651725687269302,14,20,5,28,16.75,16,12,99
PowerBasicCycAge,0.005184078412446383,0.0238929984032312,17.363739217108257,0.03766369991034923,18,17,23,11,17.25,17,12,99
RickerNPGO.Win,-0.003039524314495516,0.023958423926049976,14.270411286154916,0.04159085013182506,13,18,17,22,17.5,18,12,99
R1C,-0.0026766694880530845,0.0290218164473421,6.659074089315809,0.0508467165124697,12,28,3,29,18,19,12,99
PowerBasic,0.005222556902529631,0.023832270535945388,18.390045798719967,0.03737502016060478,19,16,28,10,18.25,20,12,99
RickerGOA.SST.Ann,-0.007434519512329904,0.023695452175747297,14.117823372780363,0.04087269035324249,22,15,16,20,18.25,21,12,99
RickerGOA.SST.Win,-0.0016795756093814943,0.026643915039940725,14.544798787633802,0.04428796872906046,6,26,19,25,19,22,12,99
RickerNPGO.Ann,-0.0024057173901816577,0.025405593126516208,15.55378127387766,0.04349678879991899,9,24,20,24,19.25,23,12,99
RS2,0.02501012823900454,0.026355614246550033,8.037437605762168,0.0398104746636032,31,25,6,16,19.5,24,12,99
RickerGOA.SST.Sum,-0.007779056846049021,0.0248004010937135,12.638970339000084,0.04092336428385914,23,22,12,21,19.5,25,12,99
PowerSockeye,0.004135063888423481,0.024837137826222117,18.815244360541737,0.03837001714518553,17,23,29,13,20.5,26,12,99
RickerNPGO.Sum,-0.002413428353291427,0.027031054140234424,15.997806615484881,0.045770843097790524,10,27,21,27,21.25,27,12,99
RickerSockeye,-0.004017188404215642,0.024617267733140057,17.89072387357364,0.0418778159136262,15,21,27,23,21.5,28,12,99
RS1,0.010618399200494106,0.04242083109128063,5.921987468069171,0.06613058194219008,29,31,1,30,22.75,29,12,99
LLY,2.3243476217669126e-4,0.06291264755952759,112.37031940012561,0.08802351737290526,1,33,35,33,25.5,30,12,99
RAC,0.008155398562414972,0.03675054678192349,42.15209854960094,0.045479190921397655,24,29,31,26,27.5,31,12,99
RS4yr,0.037663483785100406,0.038621511618854514,36.36336493646509,0.0756671388394072,32,30,30,31,30.75,32,12,99
RS8yr,0.043320353236124744,0.043320353236124744,44.3906341924008,0.08667752273512087,33,32,32,32,32.25,33,12,99
RSC,0.07421539718879891,0.07666167590667625,62.60643013074536,0.1294079243375715,34,34,33,34,33.75,34,12,99
MRS,0.13693814964719342,0.13693814964719342,100.95968588215574,0.231283155959301,35,35,34,35,34.75,35,12,99
RickerSalmon_Total,-0.010440070829367307,0.055362633087450576,1.592595379945083,0.08611253428740112,3,1,1,2,1.75,1,13,99
RickerPink,0.009579749802494314,0.06155984257268246,3.5815328172132284,0.08046043853216277,2,2,3,1,2,2,13,99
RS1,0.06402878556616154,0.07626043749422019,5.965931479216426,0.11213649739187477,9,3,6,6,6,3,13,99
RickerChum,0.0522878243159772,0.0851645254590017,5.654278296621175,0.11971363356181805,5,8,5,7,6.25,4,13,99
LLY,0.009452766979011635,0.09323549116894182,3.56801049802891,0.1295770138081935,1,10,2,17,7.5,5,13,99
PowerPink,0.06579464798613503,0.08381474627609736,7.868563659165621,0.10207604874847015,11,4,16,3,8.5,6,13,99
RickerGOA.SST.Sum,0.05909417644610109,0.08462558078828782,6.00916825601636,0.12844658585962468,7,7,7,15,9,7,13,99
RickerGOA.SST.Ann,0.05890507532862118,0.08550473836996268,6.620502449975195,0.12628146735934329,6,9,9,13,9.25,8,13,99
PowerSalmon_Total,0.06721523767156092,0.08431921730143056,7.827628138129299,0.10478148815755829,13,6,15,4,9.5,9,13,99
PowerChum,0.06608492813905757,0.08429606832674406,8.154236859958685,0.10538417826051218,12,5,20,5,10.5,10,13,99
RickerCyc,0.06338523879552914,0.0988295357795408,6.211543870131102,0.12593628793722764,8,17,8,12,11.25,11,13,99
RickerGOA.SST.Win,0.0703451680262681,0.09403168075887791,7.72814960948606,0.12409811216427212,15,11,14,11,12.75,12,13,99
R1C,0.047591100312344974,0.10272179797294213,5.477131929188233,0.13682833208603698,4,26,4,24,14.5,13,13,99
RickerNPGO.Sum,0.06563042696520537,0.0997857092160392,7.393416842806693,0.13033970558807195,10,19,12,18,14.75,14,13,99
RickerEi,0.06799589709398247,0.09687030983042764,7.621948668120974,0.1420113651202911,14,14,13,28,17.25,15,13,99
RickerFRDMean,0.07966135723685468,0.10251221301841067,6.679643641571892,0.13507229120799483,21,25,10,20,19,16,13,99
PowerBasic,0.07679541810060966,0.09954838630040715,10.323849108566668,0.12071427397831079,17,18,34,8,19.25,17,13,99
PowerJuvEi,0.08778680542257215,0.09573467382431232,8.569933694429887,0.1265356151992476,27,12,25,14,19.5,18,13,99
RickerSockeye,0.07216299631806365,0.10204479272544048,7.959210611141235,0.1373686339008041,16,24,18,25,20.75,19,13,99
PowerBasicCycAge,0.0787164332864869,0.10005632810244906,11.379248717450857,0.12232636461098902,19,21,35,9,21,20,13,99
PowerJuvPi,0.09388202821881009,0.09644049382299474,8.699337111086294,0.12953019019478595,30,13,27,16,21.5,21,13,99
PowerSockeye,0.08059371315858573,0.10008406334238339,10.203364258733268,0.12280694673042304,22,22,33,10,21.75,22,13,99
RickerPi,0.08183151374594948,0.09850068300265939,8.155993604097208,0.15119107618039945,23,16,21,32,23,23,13,99
LarkinBasicCycAge,0.08797125920977338,0.09845126296442869,9.247407430578903,0.1366027374173189,28,15,30,22,23.75,24,13,99
LarkinBasic,0.08996147511585707,0.0998025751955804,8.45263461976157,0.13673568764013672,29,20,24,23,24,25,13,99
RickerNPGO.Ann,0.07710387266649672,0.10385856861824255,8.285687913456792,0.14306097573050003,18,27,22,29,24,26,13,99
RickerFRDpeak,0.08605293330213377,0.11302010250877277,7.292752127733755,0.14708434554757988,26,33,11,31,25.25,27,13,99
RickerNPGO.Win,0.08545050885041212,0.10756627075835529,8.15188831602085,0.144304649189394,25,29,19,30,25.75,28,13,99
RS2,0.09700631272723718,0.10060163025610185,8.711503503743184,0.14070960701968555,31,23,28,27,27.25,29,13,99
PowerJuvFRDpeak,0.10423050578082327,0.1104016926904151,8.669206442511188,0.13532926744783103,33,30,26,21,27.5,30,13,99
R2C,0.0793800586456783,0.1220323396396088,12.507142277418618,0.13281699842537167,20,34,40,19,28.25,31,13,99
RickerBasic,0.08384167178015689,0.11102551813001722,8.77525517657767,0.15225392117455444,24,31,29,33,29.25,32,13,99
RickerPDO,0.0985818088047577,0.10599096397351787,8.434325688259243,0.159904120985702,32,28,23,34,29.25,33,13,99
RJ1,0.12560885036323036,0.12560885036323036,7.885275098417325,0.18193311443025403,36,35,17,35,30.75,34,13,99
PowerJuv,0.10507292558766342,0.11289299638949708,9.919145951313231,0.13956119167701306,34,32,32,26,31,35,13,99
RJ2,0.15809711224403,0.15809711224403,9.415756442000896,0.20923152023868877,39,38,31,36,36,36,13,99
RS4yr,0.12291499743699476,0.1319458928879271,11.463308670960153,0.2143334548140446,35,36,36,37,36,37,13,99
RS8yr,0.14567618248332748,0.15209369708395112,12.010504478108771,0.2263906626006704,37,37,39,38,37.75,38,13,99
MRS,0.15679013869815814,0.16106610905465382,13.540439937290499,0.22910258418231152,38,39,41,39,39.25,39,13,99
RSC,0.16786455633865605,0.18018499887110187,11.843349121820474,0.2466938376809787,40,40,38,40,39.5,40,13,99
RJC,0.2516258173642497,0.2516258173642497,11.656879367164159,0.33714301288570736,43,42,37,44,41.5,41,13,99
MRJ,0.23041261452956527,0.23041261452956527,13.739608827211745,0.28587854037393734,41,41,42,42,41.5,42,13,99
RAC,0.24965545830897798,0.27129459210967966,41.057125103853494,0.2957864758949562,42,44,43,43,43,43,13,99
TSA,0.25402414684687263,0.25402414684687263,48.746346403769394,0.27260751365425606,44,43,44,41,43,44,13,99
RickerSalmon_Total,-7.140050654001741e-4,0.00510674735174463,0.4994338905946496,0.006401948259650821,1,1,1,1,1,1,14,99
RickerPink,0.0017385460478477434,0.005766717224465294,0.7881074216339566,0.007893765153700685,3,2,2,4,2.75,2,14,99
PowerSalmon_Total,0.0036775298288969876,0.0062536788240460765,2.2250178320089624,0.007446784434886748,4,3,4,2,3.25,3,14,99
LLY,7.674455974949478e-4,0.007465183972855366,1.829810827967825,0.010183095340466327,2,7,3,7,4.75,4,14,99
PowerPink,0.0038313155831655368,0.006856178877323139,2.3799677767201826,0.007982339033765471,5,6,5,5,5.25,5,14,99
PowerChum,0.005359185608830616,0.006724018224812149,3.1706776206801535,0.007769344878762782,7,4,8,3,5.5,6,14,99
RickerChum,0.004834012006037807,0.006850794456242978,2.4773582966207717,0.008269944903538076,6,5,6,6,5.75,7,14,99
PowerSockeye,0.0092812254202376,0.0095006704568989,4.538202588171784,0.01162041586161795,9,8,12,8,9.25,8,14,99
R1C,0.008599862264161614,0.010279691855230427,2.7484753562085764,0.016411034383006288,8,9,7,20,11,9,14,99
RS4yr,0.010043894364137041,0.011017207162277831,4.333302601109878,0.015621262303288735,11,12,10,15,12,10,14,99
PowerBasicCycAge,0.009972768405563699,0.010282190461315566,5.784531145742574,0.012125384529188751,10,10,19,9,12,11,14,99
PowerBasic,0.010367774532123168,0.010558493088555969,6.0728459582577115,0.012425709210544636,12,11,20,10,13.25,12,14,99
RickerGOA.SST.Ann,0.011080324777136316,0.011175416312355713,5.5283546678217546,0.014548979357653102,13,13,16,12,13.5,13,14,99
R2C,0.012149487264161615,0.012149487264161615,3.8812631674142715,0.014773484118329752,17,16,9,14,14,14,14,99
RickerGOA.SST.Sum,0.011165935902689784,0.01125721515555103,5.3776199933775395,0.014607137945278476,14,14,15,13,14,15,14,99
RickerEi,0.011617292658377396,0.011617292658377396,5.658487226694683,0.01436259242930163,15,15,18,11,14.75,16,14,99
RS8yr,0.01172351872898264,0.012806074768384926,5.631290195967991,0.01611752157589202,16,18,17,18,17.25,17,14,99
RickerSockeye,0.012863857106141434,0.013152012702692601,4.444349530659914,0.017942767067471905,19,19,11,26,18.75,18,14,99
RickerNPGO.Sum,0.01259928938119092,0.012802412784958849,7.916686824531521,0.015813365567102406,18,17,29,16,20,19,14,99
RickerGOA.SST.Win,0.013396606229204515,0.013396606229204515,7.285219204012299,0.016034355272045553,21,21,25,17,21,20,14,99
RickerNPGO.Ann,0.012980506414024357,0.013152872801780749,7.718645520961892,0.0161220462881836,20,20,28,19,21.75,21,14,99
RickerCyc,0.014017113165233956,0.014319520686094824,6.124479471780585,0.017975155167269104,23,23,21,27,23.5,22,14,99
RickerNPGO.Win,0.013893041459011978,0.013963758636898754,8.039074523836293,0.016442935231828992,22,22,30,21,23.75,23,14,99
RickerPi,0.01455948695236626,0.01455948695236626,5.34716219871943,0.019602734429832264,26,26,14,29,23.75,24,14,99
RickerFRDMean,0.0142516967507654,0.01432324824736691,7.602913030382791,0.01701340453399319,24,24,27,22,24.25,25,14,99
RickerPDO,0.014338666924244894,0.014338666924244894,7.3666870651325675,0.017063224918738233,25,25,26,23,24.75,26,14,99
RS1,0.014681760443162073,0.01572838433468915,4.920519930249497,0.024089806276344224,29,29,13,34,26.25,27,14,99
RickerFRDpeak,0.014621544661815604,0.014621544661815604,8.354787153395032,0.017463779818694014,27,27,31,25,27.5,28,14,99
RickerBasic,0.014680965868279668,0.014696786582620802,8.517888434129778,0.01722803282288792,28,28,32,24,28,29,14,99
RS2,0.016039011991218505,0.01700113408208508,6.674374607886587,0.022702600135963005,30,32,22,33,29.25,30,14,99
LarkinBasicCycAge,0.017077854129233953,0.017533439001085328,6.797845588742295,0.02148624213280154,33,33,23,31,30,31,14,99
TSA,0.016718990377999406,0.016718990377999406,10.916016075494932,0.01815848297630418,32,30,33,28,30.75,32,14,99
LarkinBasic,0.017546176735024194,0.017934699909814247,7.178887612318841,0.021744465931201575,34,34,24,32,31,33,14,99
RAC,0.016153620387057224,0.016864798974465273,11.003157807879786,0.01987074715490803,31,31,34,30,31.5,34,14,99
MRS,0.03827560427002996,0.03827560427002996,12.922703879406912,0.04807270035612544,35,35,35,35,35,35,14,99
RSC,0.038806801039368816,0.038806801039368816,13.342002594286738,0.048593594715397995,36,36,36,36,36,36,14,99
LarkinBasic,-0.0019556216601345267,0.050561926905391526,0.7371206679207485,0.08822711573485446,3,1,3,1,2,1,15,99
RickerPink,-0.026699416371295307,0.07035413223046695,0.6749409460439318,0.14467450124574208,9,4,2,3,4.5,2,15,99
PowerSalmon_Total,0.03313107609529718,0.06639463685438306,0.8517926764740745,0.1533963824607524,14,2,4,5,6.25,3,15,99
PowerChum,0.0011807613961936747,0.09940882664469418,1.5222026425726698,0.19627188181196825,2,11,7,9,7.25,4,15,99
PowerPink,0.032859340122154745,0.07605616759140113,1.0947037966692545,0.16423092003017678,13,5,5,6,7.25,5,15,99
RickerFRDMean,-0.0037739824439871456,0.09624909018779633,1.5983394279507672,0.185425401573889,4,9,9,7,7.25,6,15,99
RickerChum,-0.019510719658991066,0.09322796674616457,1.587167325398491,0.19001688810880954,7,7,8,8,7.5,7,15,99
LarkinBasicCycAge,0.03045766313223988,0.07000946734214468,2.727536930397257,0.0991257234085575,10,3,22,2,9.25,8,15,99
PowerSockeye,0.016389391891035877,0.10980752828625283,1.972969233449365,0.2210204892629147,6,12,12,13,10.75,9,15,99
R1C,0.03948071198903103,0.11056661599881568,1.4131135152390686,0.20983564072895766,15,13,6,10,11,10,15,99
RickerSalmon_Total,-0.08540283953706973,0.09588688824013604,0.1332900227020696,0.21318967341217476,27,8,1,11,11.75,11,15,99
RAC,-0.045871399618111895,0.08767891509216624,2.11351007171781,0.21399253707278146,18,6,14,12,12.5,12,15,99
PowerBasic,0.013878356442224904,0.11558990303826784,2.5081096587214873,0.23436389762652954,5,16,18,14,13.25,13,15,99
RickerCyc,0.07699446914150006,0.09911589922474867,5.713921435263778,0.14512010200578238,25,10,28,4,16.75,14,15,99
RickerSockeye,0.04019989214504727,0.12363509237978697,2.3879013567790577,0.2531920376575321,16,17,16,18,16.75,15,15,99
R2C,0.03176292032236435,0.1418405128104202,2.0526086247695403,0.25183691894413435,12,26,13,17,17,16,15,99
RickerFRDpeak,0.031312703411892504,0.13745745689641395,2.65808630805195,0.24166091456725355,11,22,20,15,17,17,15,99
RickerGOA.SST.Sum,0.05795915190617093,0.11478368743517113,1.6642921056929891,0.26993602232971103,22,15,10,21,17,18,15,99
RickerPDO,0.019633859578436618,0.13194783876326838,2.9002103589809285,0.2418161124013058,8,19,25,16,17,19,15,99
RickerGOA.SST.Ann,0.04711190811330643,0.12389080829019529,1.9123177147655148,0.2727531423499107,19,18,11,22,17.5,20,15,99
RickerNPGO.Sum,0.08324825788020199,0.11415627699702674,2.5486545566352454,0.27716407354973477,26,14,19,23,20.5,21,15,99
RickerNPGO.Win,0.06326630875497997,0.13266890001233864,2.711053080023218,0.25865725040189497,23,20,21,20,21,22,15,99
PowerBasicCycAge,0.04586736180198429,0.14005139137087005,4.492333984533745,0.25349827617926785,17,24,27,19,21.75,23,15,99
LLY,2.634619890310189e-4,0.2683658521609709,9.324492171837479,0.43159388689371625,1,30,29,30,22.5,24,15,99
RickerGOA.SST.Win,0.07499069763971168,0.13555239701537897,2.891541082696358,0.29496680937395836,24,21,24,26,23.75,25,15,99
RickerNPGO.Ann,0.09944067758565434,0.14002937762061085,2.4694289912396976,0.32825508759230204,29,23,17,27,24,26,15,99
RickerBasic,0.05565443647868257,0.1520798726239544,2.985690090957386,0.2860944546983479,21,27,26,24,24.5,27,15,99
RickerPi,0.10505566033581953,0.14175014305800337,2.2707134391124506,0.3559725695113532,30,25,15,28,24.5,28,15,99
TSA,-0.04781902062886806,0.16798638649565753,19.306656643057046,0.2872568526123987,20,28,33,25,26.5,29,15,99
RickerEi,0.09634854888824457,0.17357394195457465,2.790555629632076,0.41808732785373287,28,29,23,29,27.25,30,15,99
RS8yr,0.31989145695686244,0.438911123118525,18.283783196188526,0.7974288764241322,31,32,30,31,31,31,15,99
MRS,0.3798589250482823,0.4365937884087094,18.40264480642362,0.8380288278121227,32,31,31,32,31.5,32,15,99
RS2,0.45644326706330385,0.5179481063884376,20.636137689220607,0.998910900771126,33,34,34,33,33.5,33,15,99
RSC,0.49311230915288823,0.5119118176860653,21.538081431567665,1.0141887971467618,35,33,36,34,34.5,34,15,99
RS4yr,0.46491545688353747,0.5832964326993844,19.173785304577695,1.2631565244639176,34,36,32,36,34.5,35,15,99
RS1,0.5076621674177696,0.5398991157032553,20.985074883131087,1.0882850019570272,36,35,35,35,35.25,36,15,99
LLY,0.002722048768851163,0.026895199072862114,0.3409318475123193,0.03918139183567895,3,1,1,1,1.5,1,16,99
PowerJuvPi,-0.007211429689777403,0.03296916656060755,0.6272095075983727,0.04340581356409321,11,2,3,3,4.75,2,16,99
PowerJuvEi,-0.0038174633002141627,0.03646363791875492,0.9206985358603812,0.045634156991996376,5,4,7,4,5,3,16,99
LarkinBasic,0.0038504644676607305,0.0366581615888867,0.7340381607297854,0.04778157906267161,6,5,5,7,5.75,4,16,99
PowerJuv,-0.002220762928949446,0.03815053350972217,1.0493776275160862,0.04743351424127357,1,8,9,6,6,5,16,99
PowerJuvFRDpeak,-0.004823714059336019,0.03681362187516988,0.9622398635101966,0.0466273663095748,8,6,8,5,6.75,6,16,99
LarkinBasicCycAge,0.0043720477433493695,0.03718533748427777,0.7630627429246313,0.048277970806502236,7,7,6,9,7.25,7,16,99
R2C,0.002674048768851161,0.03932576516945671,1.3880688657597637,0.04821170091189254,2,9,12,8,7.75,8,16,99
TSA,0.01087668688847112,0.03504543746702674,1.5556430009741045,0.039496451412715905,15,3,14,2,8.5,9,16,99
RickerPink,-0.0029328571105585225,0.040435115663059344,0.7022100364168762,0.05610713104091985,4,11,4,15,8.5,10,16,99
RickerSalmon_Total,-0.007131103359397644,0.039492521710194066,0.5167599019234653,0.055169898438050605,10,10,2,13,8.75,11,16,99
RickerPi,0.015822094346246065,0.04472159873962702,1.2698116173253762,0.05457211303309573,19,12,10,12,13.25,12,16,99
RickerGOA.SST.Sum,0.012693615093629788,0.04675781294356534,1.3024723440426325,0.05651106306224131,17,13,11,17,14.5,13,16,99
RickerGOA.SST.Win,0.012172873370879063,0.047440184094696684,1.6634664760441762,0.05305722191132324,16,15,17,10,14.5,14,16,99
RickerPDO,0.01374216330207269,0.04781782257207166,1.7220091801828505,0.05354516560769864,18,16,21,11,16.5,15,16,99
PowerSalmon_Total,0.009453064402493423,0.0489064299328322,1.6634023036698975,0.05926810941378445,12,18,16,22,17,16,16,99
R1C,0.005496632102184497,0.049339848502790044,1.561122361166346,0.060997541015555816,9,20,15,25,17.25,17,16,99
RickerGOA.SST.Ann,0.018142926204540354,0.046887190816215535,1.4318100302257635,0.05692959419209954,26,14,13,18,17.75,18,16,99
PowerPink,0.009638480166936522,0.049218025113353686,1.700682241043806,0.05961785847329933,13,19,19,23,18.5,19,16,99
RAC,0.01056604220319462,0.048215058687075235,1.7979014786329124,0.061469573082642365,14,17,24,26,20.25,20,16,99
RickerBasic,0.01605526922330167,0.050521483752115355,1.9110866495383645,0.05608011615919198,20,24,27,14,21.25,21,16,99
RickerNPGO.Sum,0.019151244046620587,0.05000435751532781,1.714760915015688,0.05627810687104909,29,23,20,16,22,22,16,99
RickerNPGO.Ann,0.019819250713151406,0.04993880285289382,1.6953718445595989,0.057105945747309074,31,21,18,19,22.25,23,16,99
RickerNPGO.Win,0.01804139496936104,0.049966315368503676,1.7358054847640216,0.057225397591827626,25,22,23,20,22.5,24,16,99
RickerFRDpeak,0.016277216258778354,0.05059089102520384,1.8931961917293936,0.05734989148630927,23,25,26,21,23.75,25,16,99
RickerFRDMean,0.017193860624750413,0.05183764022444321,1.9155704420483017,0.05989781933147079,24,26,28,24,25.5,26,16,99
PowerChum,0.016088155736751052,0.05244108578476852,2.0030088373097508,0.061637868581783384,21,27,30,27,26.25,27,16,99
PowerSockeye,0.016142449578518372,0.05314675194011428,1.8550982060049233,0.06397270062269667,22,29,25,29,26.25,28,16,99
RickerEi,0.018943335470641164,0.05255961856546166,1.7332076105709529,0.0626247438585995,28,28,22,28,26.5,29,16,99
RickerCyc,0.02213367552898428,0.054281856669781185,1.9385215349941722,0.06463314670903338,33,30,29,30,30.5,30,16,99
PowerBasic,0.019674403973548246,0.05637029670579268,2.2253024070527077,0.06620173565095805,30,31,33,31,31.25,31,16,99
RickerChum,0.018732340022115296,0.05729811606100194,2.0919358317128984,0.06872698637915094,27,33,32,33,31.25,32,16,99
PowerBasicCycAge,0.020060093421384304,0.056436158402392654,2.243675864992035,0.06664767721640756,32,32,34,32,32.5,33,16,99
RickerSockeye,0.025501838760222693,0.06223120853387488,2.0776032965491735,0.08417259948434046,34,34,31,34,33.25,34,16,99
RS8yr,0.053454218454736996,0.08964002588410523,4.665996869943586,0.10702993235937999,35,35,35,35,35,35,16,99
RS4yr,0.0585694467008708,0.09558187436854026,5.301835054750643,0.12044701376756721,36,36,36,36,36,36,16,99
RS2,0.07710955260535625,0.11544273239895246,6.355777642191561,0.166244057560994,37,37,37,39,37.5,37,16,99
MRS,0.08913388145023736,0.11997822899228035,6.3995471854216985,0.1512584594349728,38,38,38,37,37.75,38,16,99
RSC,0.09541956428456472,0.12355051042923426,7.328913131438227,0.15423823460297803,40,39,39,38,39,39,16,99
RS1,0.09073739925984652,0.1276490781983092,8.273546163542008,0.2674151796381345,39,40,40,40,39.75,40,16,99
PowerJuvFRDpeak,-0.012005907725580592,0.04821047927005669,0.9976718094801132,0.0754075805859836,12,1,16,2,7.75,1,17,99
RickerFRDpeak,-0.013410249441475784,0.048648453738213894,0.8576545547926465,0.06574169418605394,17,2,12,1,8,2,17,99
PowerJuvPi,-0.013217052202941894,0.0522916123916973,1.0057462074626395,0.07923841533873284,16,5,17,5,10.75,3,17,99
RickerFRDMean,-0.012247590452507085,0.053922582856180075,1.0589526608387219,0.08001257592551085,13,8,21,7,12.25,4,17,99
PowerJuvEi,-0.010583566896509142,0.053665344246812914,1.0640928118265676,0.08305369433013625,9,7,22,13,12.75,5,17,99
PowerPink,-0.02720186209114495,0.0521717591182442,0.5214147085662612,0.08143778257507807,38,3,5,9,13.75,6,17,99
RickerGOA.SST.Ann,-0.01924152407133481,0.05227744736372911,0.7120383410784119,0.08361397445754368,31,4,7,15,14.25,7,17,99
RickerCyc,-0.0019495234326334738,0.05958939201876914,1.2723612780794726,0.07671251293024221,1,25,31,3,15,8,17,99
PowerSockeye,-0.020438537855554342,0.054204288814507756,0.7532481376901817,0.08179845368649705,34,9,8,10,15.25,9,17,99
PowerChum,-0.019122104830405558,0.05532955210915621,0.8261539571002633,0.08258626993224917,30,11,10,11,15.5,10,17,99
RickerNPGO.Sum,-0.013881387903247349,0.05798171523821551,1.0358633591606394,0.07824702631106231,20,19,20,4,15.75,11,17,99
PowerSalmon_Total,-0.02774938099552765,0.05301917424939966,0.50040967724844,0.08327445436565074,40,6,4,14,16,12,17,99
PowerJuv,-0.00957651049325548,0.05527550910923688,1.1609733640909774,0.08529394852588257,7,10,28,21,16.5,13,17,99
RickerBasic,-0.010091449131449293,0.058117652403801214,1.1692035445645437,0.08105056103326126,8,20,30,8,16.5,14,17,99
RickerNPGO.Ann,-0.012432744118129299,0.05865277165131356,1.1206328767379026,0.07953138553738105,15,21,26,6,17,15,17,99
RickerEi,-0.01124491259161827,0.05760624935572911,1.0729258488805098,0.08365618356699962,11,18,24,16,17.25,16,17,99
RickerChum,-0.017441581462921997,0.05581152324931621,0.9027552470916352,0.08474986183571091,26,12,14,18,17.5,17,17,99
RickerGOA.SST.Win,-0.013700738523186685,0.05899406792339346,1.0302089667026915,0.08369502231151374,18,22,19,17,19,18,17,99
RickerPi,-0.017481729466464417,0.05669733516702766,0.8930359290010507,0.08534904244019768,27,15,13,22,19.25,19,17,99
R1C,-0.015805824745497025,0.0589950249250005,0.40675324470527685,0.09214081217493988,23,23,3,29,19.5,20,17,99
PowerBasic,-0.016223091852159,0.057587074898989926,1.0194390119497727,0.08525651644069612,24,17,18,20,19.75,21,17,99
RickerNPGO.Win,-0.01077225750939611,0.06028533193953194,1.1687952870898055,0.08281947362610284,10,28,29,12,19.75,22,17,99
RickerGOA.SST.Sum,-0.01950200103286968,0.05626853268869609,0.7957130773842603,0.08891512357798936,32,13,9,28,20.5,23,17,99
RickerSockeye,-0.020085099259178816,0.0563973133003284,0.8323058718516582,0.08733519693136686,33,14,11,24,20.5,24,17,99
LarkinBasic,-0.014396106800412903,0.05745515709304619,1.0888360546708749,0.0861258294554538,21,16,25,23,21.25,25,17,99
RickerPDO,-0.01237176601991352,0.05964232238010578,1.1248781855722032,0.08479042355618216,14,26,27,19,21.5,26,17,99
PowerBasicCycAge,-0.0188168326451958,0.05950168888159119,0.9970423966570793,0.08744972393475438,29,24,15,25,23.25,27,17,99
R2C,-0.013873991412163694,0.07744982735985267,0.7066771079270602,0.11132246757103832,19,36,6,38,24.75,28,17,99
RS8yr,0.002633977925823922,0.07148072332124189,1.5288008237585473,0.10010863798831186,3,32,33,33,25.25,29,17,99
LarkinBasicCycAge,-0.01672587088410371,0.059914190708326216,1.0688701081448386,0.0880135532974439,25,27,23,27,25.5,30,17,99
TSA,-0.006566565454517274,0.06430941317513549,1.5265952099900144,0.10644000378533791,6,31,32,36,26.25,31,17,99
RS4yr,0.002451572073629183,0.08181634712105713,1.6925779141995614,0.09925245879627352,2,37,35,32,26.5,32,17,99
RickerPink,-0.0410101138014548,0.0610668037419041,0.29556232003087596,0.10306541094217185,42,29,2,34,26.75,33,17,99
RickerSalmon_Total,-0.044904996886292486,0.06176976488624428,0.19324995689442206,0.10553647018278725,43,30,1,35,27.25,34,17,99
RAC,-0.006502354540470587,0.08208952354334355,1.6328001557138867,0.12560016208625638,5,38,34,43,30,35,17,99
RJ1,0.005308027507685376,0.08795815279829589,1.7628469718198234,0.12110361308537407,4,40,37,42,30.75,36,17,99
MRS,0.025566445883674845,0.07331249090881539,2.38703732654205,0.08768169810992439,36,34,41,26,34.25,37,17,99
RJ2,0.01873145581256695,0.07585877409138454,1.8227037949307958,0.11364077329874205,28,35,38,39,35,38,17,99
MRJ,0.027281711408105664,0.07192977064996917,2.437096074808026,0.09262216749445427,39,33,42,30,36,39,17,99
RS1,0.023699108102357296,0.08393390825549667,2.174737996580468,0.09600815446436829,35,39,39,31,36,40,17,99
LLY,0.015179758587836307,0.11613952377182203,1.6997344000025354,0.16805192115152515,22,44,36,44,36.5,41,17,99
RS2,0.025668864590789642,0.08888116676749448,2.324299817830635,0.10726886125848199,37,41,40,37,38.75,42,17,99
RJC,0.027995438262045636,0.09358464065593575,2.9616407547850385,0.11892536941298548,41,42,43,40,41.5,43,17,99
RSC,0.04735648888465772,0.09972651083526686,3.4924057077327078,0.1209458052727301,44,43,44,41,43,44,17,99
LLY,0.0011343342474805023,0.01821185810655065,0.39907781233347445,0.021440153555605027,2,1,7,1,2.75,1,18,99
LarkinBasicCycAge,0.006677316521350771,0.02134977314878987,0.9064156214128639,0.024053170128409327,6,4,12,2,6,2,18,99
PowerSockeye,0.005502709475113603,0.020048905334259553,0.9924787492631798,0.02426379663189586,5,2,14,3,6,3,18,99
PowerJuvPi,-0.016661788717850148,0.02108604968798394,-0.03448997541414098,0.02483400662265681,17,3,1,5,6.5,4,18,99
LarkinBasic,0.007643782592913637,0.021733844791807386,0.9430636798195073,0.024283198446782575,7,5,13,4,7.25,5,18,99
RJ2,-0.009700255254667214,0.023625080929828287,0.595029373577901,0.026929083698968542,9,7,9,7,8,6,18,99
PowerJuvFRDpeak,-0.015381892654173923,0.024291453101445277,0.2843779621231379,0.02852318491232769,13,8,4,9,8.5,7,18,99
PowerChum,0.0076998244756914525,0.023275945378802138,1.2243133716259025,0.026672542368635158,8,6,17,6,9.25,8,18,99
PowerJuvEi,-0.01652625974624762,0.02449479044270458,0.2469460357154406,0.029049962504296423,16,9,2,10,9.25,9,18,99
PowerSalmon_Total,0.003192023418000862,0.025238743339473412,1.039199490705365,0.027463839408850704,3,13,15,8,9.75,10,18,99
PowerJuv,-0.01597292904007452,0.024966727577932932,0.2885229060031729,0.02916828824540956,14,11,5,11,10.25,11,18,99
RJC,-0.01617080870993044,0.02473351283276298,0.3217976744901404,0.030237705461331806,15,10,6,14,11.25,12,18,99
RJ1,-0.011015420517662697,0.026195113841850904,0.7012274616065329,0.029858267957645585,12,15,10,13,12.5,13,18,99
PowerPink,0.005502651653167487,0.02684120677880932,1.1723968184804985,0.029253730142574534,4,19,16,12,12.75,14,18,99
MRJ,-0.01769156230488503,0.02685994149284657,0.28249836959184754,0.031421581113793104,18,20,3,15,14,15,18,99
RickerPi,0.022027761697563434,0.025074516949759883,1.328857448408433,0.03175570121993213,24,12,18,16,17.5,16,18,99
PowerBasic,0.018304361423675346,0.026540603678845212,1.760221866542339,0.03276914334109231,20,17,20,18,18.75,17,18,99
RickerEi,0.01996617117020573,0.025731699746439424,1.8017578627472197,0.03218733672718488,21,14,23,17,18.75,18,18,99
PowerBasicCycAge,0.01822360264629451,0.02680701314287896,1.7818210741995844,0.03307167754616764,19,18,22,19,19.5,19,18,99
RickerSalmon_Total,-0.010242546245128185,0.03181433111394336,0.5443633574980624,0.039212727164635607,10,31,8,30,19.75,20,18,99
RickerPink,-9.679176403909356e-4,0.03710514957889851,0.774910969359783,0.043980556221584304,1,35,11,37,21,21,18,99
RickerPDO,0.02508807709664652,0.02782936958430877,1.8331548473210362,0.03420268392257364,30,21,25,20,24,22,18,99
RAC,0.02452525989232177,0.026418265753688955,2.1534303046110597,0.03563516949233184,26,16,34,21,24.25,23,18,99
R1C,0.010581000914147168,0.03938303669180326,1.772940105511437,0.04362508631401384,11,38,21,36,26.5,24,18,99
RickerChum,0.021065140065837887,0.03394650995209147,1.7218746665396545,0.04111644869049134,22,33,19,32,26.5,25,18,99
RickerGOA.SST.Sum,0.024716209653413906,0.029428725021875334,2.026082097106497,0.03652018519308115,27,27,27,25,26.5,26,18,99
RickerGOA.SST.Ann,0.02500611869877416,0.029192713531736428,1.920888023915485,0.03694450322243147,29,26,26,26,26.75,27,18,99
RickerNPGO.Ann,0.026860427522440264,0.029009418587933076,2.0449112140799754,0.03593668695394097,33,25,28,22,27,28,18,99
TSA,0.02490145714132562,0.028494180763519155,2.16106659103629,0.036480251832415746,28,22,35,24,27.25,29,18,99
RickerNPGO.Win,0.02634310612728444,0.028496774249277743,2.1502770690222275,0.03610031224778045,32,23,33,23,27.75,30,18,99
RickerCyc,0.022990183001454,0.029814428003673354,2.1022105946469187,0.03790676771904075,25,28,31,28,28,31,18,99
RickerGOA.SST.Win,0.026120390852206687,0.02886523397541677,2.0985741396098736,0.03726470235086163,31,24,30,27,28,32,18,99
R2C,0.02171641758081384,0.03282865330312002,2.084446579816528,0.042856393922925534,23,32,29,34,29.5,33,18,99
RickerNPGO.Sum,0.028298032326939743,0.031090046319169545,2.1422109271155376,0.03812883894457524,35,30,32,29,31.5,34,18,99
RickerBasic,0.02753309476638799,0.03105894419836662,2.3068519535588847,0.03929470262478468,34,29,36,31,32.5,35,18,99
RickerSockeye,0.031077802356235768,0.03784038265802111,1.8292362405635252,0.04699868637798507,37,37,24,38,34,36,18,99
RickerFRDpeak,0.02934853147216498,0.033962887205525684,2.411048803874568,0.04136309510188847,36,34,38,33,35.25,37,18,99
RickerFRDMean,0.03219790959874755,0.03710690034275353,2.401835481843733,0.043014999048668456,39,36,37,35,36.75,38,18,99
RS1,0.031926284120030464,0.06546151400107338,3.1752615063642917,0.08787598850242646,38,39,40,39,39,39,18,99
RS4yr,0.05320281553469122,0.06606547276885659,2.779639739107075,0.11637597386571163,40,40,39,40,39.75,40,18,99
RS8yr,0.08246982227009893,0.08470057816044994,3.313992089519464,0.11798228778190838,42,41,41,41,41.25,41,18,99
RS2,0.08217739819988482,0.09195951510670032,3.506722377297152,0.14483724336384657,41,42,42,42,41.75,42,18,99
MRS,0.1445429610899213,0.14515448000275807,6.774855951125397,0.1674155973885901,43,43,43,43,43,43,18,99
RSC,0.15081010864093422,0.1513685013802892,6.988502568131857,0.1787672180144737,44,44,44,44,44,44,18,99
